id,first_name,last_name,age,email,street,city,country
1,Andy,Mann,68,amann0@rediff.com,7 Quincy Street,Juuka,Finland
2,Ardisj,Tellenbroker,75,atellenbroker1@sun.com,6 Independence Point,Mo I Rana,Norway
3,Sheree,Basant,20,sbasant2@gravatar.com,7 Jackson Place,Luleå,Sweden
4,Sutherland,Bess,78,sbess3@bloglines.com,62 Bartelt Crossing,Tampere,Finland
5,Elvera,Waltho,66,ewaltho4@ask.com,4 South Place,Knivsta,Sweden
6,Chrissie,Pitford,57,cpitford5@jiathis.com,12 Towne Street,Tromsø,Norway
7,Francene,Rawson,32,frawson6@technorati.com,39 Tomscot Terrace,Leksand,Sweden
8,Hetty,Farlamb,47,hfarlamb7@studiopress.com,8 Forest Dale Trail,Hämeenkoski,Finland
9,Amil,Lebel,49,alebel8@google.fr,51 Coleman Court,Sollefteå,Sweden
10,Amargo,Head,60,ahead9@usgs.gov,23680 Lakewood Parkway,Norrtälje,Sweden
11,Prent,Boland,63,pbolanda@github.com,25 Hintze Place,Öjebyn,Sweden
12,Chaunce,Hatley,36,chatleyb@aol.com,1229 Milwaukee Park,Boliden,Sweden
13,Katerina,Forsey,31,kforseyc@163.com,88535 Meadow Ridge Alley,Oslo,Norway
14,Andras,Brevitt,20,abrevittd@telegraph.co.uk,18509 Melvin Trail,København,Denmark
15,Irina,Borleace,61,iborleacee@google.com,412 Holmberg Terrace,Umeå,Sweden
16,Padraig,Mullenger,37,pmullengerf@mapquest.com,960 Alpine Court,Bromma,Sweden
17,Rufus,Mossman,35,rmossmang@java.com,02 Steensland Point,Äänekoski,Finland
18,Carmon,Alcido,61,calcidoh@mozilla.com,8 Hagan Circle,Kalajoki,Finland
19,Lonnie,Harfoot,27,lharfooti@cdc.gov,88605 Hermina Way,Sundbyberg,Sweden
20,Colver,Slainey,30,cslaineyj@issuu.com,0225 Ridgeview Lane,Savonranta,Finland
21,Karim,Panketh,23,kpankethk@furl.net,00982 North Avenue,Motala,Sweden
22,Annabelle,Bickardike,36,abickardikel@mozilla.org,754 Fuller Plaza,Perstorp,Sweden
23,Harman,Garbett,35,hgarbettm@whitehouse.gov,6032 Buena Vista Drive,Saltsjö-Boo,Sweden
24,Grata,Ellick,79,gellickn@oaic.gov.au,9279 Parkside Lane,Uppsala,Sweden
25,Niall,Rault,66,nraulto@themeforest.net,379 Scofield Lane,Södertälje,Sweden
26,Bernette,Godrich,61,bgodrichp@cbslocal.com,8 Cascade Drive,Johanneshov,Sweden
27,Aretha,Plessing,33,aplessingq@ning.com,51144 Canary Hill,Nora,Sweden
28,Aubry,O'Fallon,40,aofallonr@usnews.com,58112 American Road,Norrahammar,Sweden
29,Bil,Kift,68,bkifts@shop-pro.jp,90851 Garrison Circle,Tanumshede,Sweden
30,Nahum,Harmon,25,nharmont@who.int,35 Roth Park,Kumla,Sweden
31,Ulla,Keling,21,ukelingu@chicagotribune.com,2978 Everett Street,Umeå,Sweden
32,Welbie,Helin,53,whelinv@ted.com,90434 Independence Crossing,Göteborg,Sweden
33,Salaidh,Camell,25,scamellw@dedecms.com,6118 3rd Alley,Borås,Sweden
34,Lianne,Conrath,31,lconrathx@hatena.ne.jp,52939 Glendale Alley,København,Denmark
35,Pearla,Savage,79,psavagey@ezinearticles.com,5 Magdeline Junction,Borås,Sweden
36,Dew,Gallichiccio,29,dgallichiccioz@usnews.com,2303 Forest Dale Center,Norrtälje,Sweden
37,Shea,Comford,39,scomford10@omniture.com,5950 Thackeray Place,Mölndal,Sweden
38,Shane,Scougal,33,sscougal11@omniture.com,10 Autumn Leaf Hill,Särkisalo,Finland
39,Myles,Ramos,53,mramos12@joomla.org,8181 Eagan Parkway,Uppsala,Sweden
40,Dion,Bompas,57,dbompas13@apache.org,3 Glacier Hill Center,Visby,Sweden
41,Peder,Coppeard,56,pcoppeard14@eventbrite.com,42045 Haas Park,Bodø,Norway
42,Hilda,Peele,58,hpeele15@usda.gov,4257 Kipling Avenue,Ilmajoki,Finland
43,Holli,O'Toole,52,hotoole16@weather.com,704 Bobwhite Point,Himanka,Finland
44,Yehudit,Crother,55,ycrother17@nyu.edu,97158 Corry Way,Norrtälje,Sweden
45,Man,Valadez,32,mvaladez18@multiply.com,4279 Old Shore Circle,Västerås,Sweden
46,Peter,D'Aubney,32,pdaubney19@unicef.org,5 Old Shore Street,Stockholm,Sweden
47,Tallie,Twiggins,61,ttwiggins1a@about.com,45 Valley Edge Lane,Bagarmossen,Sweden
48,Colet,Bizzey,77,cbizzey1b@etsy.com,54962 Loeprich Way,Enskededalen,Sweden
49,Kirbie,Kennally,79,kkennally1c@nasa.gov,174 Steensland Lane,Sandvika,Norway
50,Denise,Harfoot,69,dharfoot1d@zdnet.com,9 Corry Drive,Örebro,Sweden
51,Hank,Shacklady,31,hshacklady1e@europa.eu,2 Bultman Hill,Norrköping,Sweden
52,Lorain,Feake,42,lfeake1f@time.com,1 Warner Circle,Sandviken,Sweden
53,Luz,Sissens,49,lsissens1g@usgs.gov,251 Carioca Junction,Luleå,Sweden
54,Kelwin,Marchi,37,kmarchi1h@aol.com,97406 Myrtle Way,Vellinge,Sweden
55,Dixie,Bresner,46,dbresner1i@netscape.com,5951 Harbort Road,Huskvarna,Sweden
56,Sayre,Fibbens,34,sfibbens1j@whitehouse.gov,70 Stoughton Terrace,Bergen,Norway
57,Wainwright,Walmsley,52,wwalmsley1k@oakley.com,61 Rigney Hill,Billdal,Sweden
58,Lew,Klimmek,54,lklimmek1l@printfriendly.com,04767 Farmco Trail,Moss,Norway
59,Ted,July,65,tjuly1m@histats.com,30500 Packers Circle,Göteborg,Sweden
60,Evonne,Vigers,21,evigers1n@google.co.uk,8801 Knutson Road,Uppsala,Sweden
61,Isabelita,Freke,65,ifreke1o@dedecms.com,76262 Washington Court,Norrtälje,Sweden
62,Faustina,Lodder,55,flodder1p@intel.com,39 Luster Circle,Farsta,Sweden
63,Florette,Shorland,42,fshorland1q@jugem.jp,46318 Rockefeller Lane,Eskilstuna,Sweden
64,Joelynn,Terbrug,25,jterbrug1r@hatena.ne.jp,182 Homewood Point,Ristinummi,Finland
65,Daniele,Bussel,40,dbussel1s@ask.com,73 Pepper Wood Park,Åby,Sweden
66,Suzanna,Saunter,53,ssaunter1t@mapquest.com,1366 Blackbird Avenue,Gävle,Sweden
67,Rea,Jeanneau,28,rjeanneau1u@yahoo.co.jp,7495 Gerald Crossing,Bandhagen,Sweden
68,Myrle,Woof,69,mwoof1v@amazon.co.uk,141 Annamark Trail,Västra Frölunda,Sweden
69,Fons,Wankel,27,fwankel1w@paypal.com,08745 Thierer Court,Alfta,Sweden
70,Murvyn,Luttgert,25,mluttgert1x@liveinternet.ru,4433 Mallory Lane,Kista,Sweden
71,Sara-ann,Stockdale,75,sstockdale1y@hp.com,07028 Clemons Center,Åtvidaberg,Sweden
72,Tad,Blaske,76,tblaske1z@yellowbook.com,546 Saint Paul Place,Linköping,Sweden
73,Phylis,Pettegree,52,ppettegree20@washington.edu,51 Sachtjen Pass,Ruokolahti,Finland
74,Howey,Odell,41,hodell21@purevolume.com,35969 Graedel Road,Göteborg,Sweden
75,Aimil,Gough,72,agough22@unicef.org,7537 Talisman Point,Ylöjärvi,Finland
76,Ailbert,Gregol,49,agregol23@cnet.com,416 Huxley Lane,Örebro,Sweden
77,Duncan,Walbrun,62,dwalbrun24@biblegateway.com,4990 Anthes Hill,Stockholm,Sweden
78,Dante,Stranks,29,dstranks25@cbc.ca,715 Jackson Terrace,Köping,Sweden
79,Ileane,Rosenfelder,63,irosenfelder26@miibeian.gov.cn,63919 Moose Terrace,Oslo,Norway
80,Francesca,Demcik,22,fdemcik27@devhub.com,542 Ramsey Hill,Fyllingsdalen,Norway
81,Valentine,Derr,69,vderr28@addthis.com,3 Manitowish Parkway,Pukkila,Finland
82,Blanche,Drynan,72,bdrynan29@jalbum.net,0 Melby Alley,Stockholm,Sweden
83,Grannie,Annandale,57,gannandale2a@parallels.com,198 Forest Dale Trail,Åtvidaberg,Sweden
84,Nathaniel,Santore,20,nsantore2b@latimes.com,514 John Wall Pass,Arboga,Sweden
85,Pearla,Moohan,54,pmoohan2c@uol.com.br,2012 Ronald Regan Street,Otaniemi,Finland
86,Edwin,Kencott,45,ekencott2d@spiegel.de,9078 Hansons Court,Saukkola,Finland
87,Ruddie,Picknett,26,rpicknett2e@amazon.co.uk,40 Loeprich Pass,Puolanka,Finland
88,Warden,Orkney,20,workney2f@sphinn.com,28337 Oneill Terrace,Jönköping,Sweden
89,Arlyn,Jakaway,74,ajakaway2g@who.int,981 Vera Alley,Saltsjö-Boo,Sweden
90,Scott,Daintier,68,sdaintier2h@earthlink.net,85288 Spohn Way,Göteborg,Sweden
91,Tito,Gammack,20,tgammack2i@craigslist.org,98828 Sage Pass,Mariestad,Sweden
92,Rafa,Attle,44,rattle2j@wikia.com,0154 Westerfield Road,Piteå,Sweden
93,Vivienne,Coners,32,vconers2k@amazon.de,34119 Susan Terrace,Jäppilä,Finland
94,Lavina,Glinde,20,lglinde2l@livejournal.com,45 Iowa Circle,Moss,Norway
95,Ibby,Kiraly,74,ikiraly2m@hexun.com,09469 East Junction,Kvissleby,Sweden
96,Emmalyn,Catterson,68,ecatterson2n@yandex.ru,35 Hollow Ridge Pass,Porsgrunn,Norway
97,Fraze,Warlawe,55,fwarlawe2o@msn.com,9221 Comanche Way,Stockholm,Sweden
98,Ralph,Salmons,28,rsalmons2p@storify.com,43874 Clarendon Park,Ånge,Sweden
99,Jamie,Skayman,59,jskayman2q@youtu.be,8704 Ruskin Alley,Uppsala,Sweden
100,Gennifer,Lassell,46,glassell2r@usda.gov,2 Heffernan Center,Växjö,Sweden
101,Kellby,Bruyntjes,54,kbruyntjes2s@reuters.com,040 Thierer Avenue,Valbo,Sweden
102,Kristian,Grix,74,kgrix2t@devhub.com,1079 Birchwood Hill,Vetlanda,Sweden
103,Ruben,Fishly,42,rfishly2u@soup.io,8 Sundown Road,Sodankylä,Finland
104,Hasheem,Romer,65,hromer2v@utexas.edu,5028 Loomis Center,Söderhamn,Sweden
105,Kelsey,Oldred,74,koldred2w@blogs.com,9656 Chive Alley,Örebro,Sweden
106,Osgood,Cracknall,48,ocracknall2x@si.edu,783 Mifflin Street,Kungsör,Sweden
107,Traver,Piens,56,tpiens2y@irs.gov,31 Longview Place,Göteborg,Sweden
108,Hedvig,Elloit,72,helloit2z@clickbank.net,3 Dapin Crossing,Kinnula,Finland
109,Barbe,Petticrow,46,bpetticrow30@sbwire.com,312 Upham Trail,Edsbyn,Sweden
110,Lucky,Fairbard,80,lfairbard31@shutterfly.com,92 Troy Road,Örebro,Sweden
111,Tait,De-Ville,52,tdeville32@amazon.de,6 Bellgrove Parkway,Trondheim,Norway
112,Mia,Commins,35,mcommins33@hibu.com,760 Stone Corner Road,Muhos,Finland
113,Robbi,Fuchs,77,rfuchs34@privacy.gov.au,3144 Fuller Plaza,Kil,Sweden
114,Fidelio,O'Giany,47,fogiany35@apple.com,946 Bartillon Park,Fristad,Sweden
115,Maure,Bowry,32,mbowry36@drupal.org,54630 Hallows Junction,Norrköping,Sweden
116,Towny,Allnatt,32,tallnatt37@shop-pro.jp,8732 Talmadge Plaza,Sandefjord,Norway
117,Jenelle,Ginnaly,27,jginnaly38@businesswire.com,505 Commercial Way,Sundbyberg,Sweden
118,Nancey,Wood,23,nwood39@earthlink.net,41966 Clove Parkway,Svenljunga,Sweden
119,Demott,Lancetter,33,dlancetter3a@statcounter.com,4 Memorial Place,Sandnes,Norway
120,Starlene,Sanbroke,34,ssanbroke3b@sohu.com,02948 Cordelia Drive,Sandviken,Sweden
121,Maynard,Kollasch,77,mkollasch3c@over-blog.com,9836 Nevada Street,Luleå,Sweden
122,Liza,Piccard,45,lpiccard3d@cpanel.net,8572 South Place,Enskede,Sweden
123,Randy,Flower,37,rflower3e@cyberchimps.com,08912 Crownhardt Circle,Vänersborg,Sweden
124,Helaina,Patis,41,hpatis3f@sfgate.com,571 Sauthoff Court,Tuusula,Finland
125,Burk,Jimpson,71,bjimpson3g@is.gd,70003 Hazelcrest Way,Ylihärmä,Finland
126,Reese,Camilleri,43,rcamilleri3h@kickstarter.com,80594 Truax Park,Färgelanda,Sweden
127,Maribel,Saville,66,msaville3i@phoca.cz,55903 Stang Hill,Osby,Sweden
128,Car,Purdom,32,cpurdom3j@jugem.jp,9626 Elgar Center,Jönköping,Sweden
129,Jaime,Roblin,70,jroblin3k@nih.gov,1757 David Drive,Turku,Finland
130,Lucinda,Peiro,49,lpeiro3l@independent.co.uk,5 Northridge Plaza,Järfälla,Sweden
131,Gilles,Ferrieres,45,gferrieres3m@studiopress.com,6 Sheridan Alley,Örebro,Sweden
132,Kelcey,Winman,22,kwinman3n@tmall.com,447 Tennessee Drive,Karlskrona,Sweden
133,Ettore,Bonellie,31,ebonellie3o@desdev.cn,3 Barnett Street,Oslo,Norway
134,Hilliary,Burland,68,hburland3p@privacy.gov.au,98201 Scofield Center,Hultsfred,Sweden
135,Debera,Chinnock,68,dchinnock3q@ft.com,412 Harper Terrace,Vantaa,Finland
136,Corabella,Kernocke,48,ckernocke3r@nymag.com,492 Grayhawk Lane,Vaasa,Finland
137,Nessi,Lamanby,29,nlamanby3s@statcounter.com,733 Sullivan Trail,Varberg,Sweden
138,Ina,Slym,34,islym3t@bravesites.com,5 Commercial Park,Gävle,Sweden
139,Courtnay,Justun,72,cjustun3u@friendfeed.com,64 Melvin Lane,Sandviken,Sweden
140,Bartlet,Attenborrow,78,battenborrow3v@geocities.com,59 Bashford Street,Mörrum,Sweden
141,Gus,O'Fergus,28,gofergus3w@eventbrite.com,75521 Lake View Point,Stockholm,Sweden
142,Doroteya,Zieme,65,dzieme3x@wikipedia.org,3 Spaight Lane,Mölndal,Sweden
143,Bonny,Banasevich,41,bbanasevich3y@merriam-webster.com,446 Hallows Hill,Göteborg,Sweden
144,Neville,Tummons,27,ntummons3z@sitemeter.com,87913 Cardinal Point,Huddinge,Sweden
145,Rachelle,Arboin,75,rarboin40@flavors.me,94858 Green Ridge Street,Östhammar,Sweden
146,Rosamund,Roubay,71,rroubay41@fc2.com,4537 Kennedy Pass,Gimo,Sweden
147,Caresse,Tohill,64,ctohill42@ow.ly,40457 Shopko Terrace,Janakkala,Finland
148,Juliette,Achrameev,40,jachrameev43@delicious.com,35 Valley Edge Hill,Uppsala,Sweden
149,Benn,Searjeant,63,bsearjeant44@diigo.com,4348 Steensland Park,Mora,Sweden
150,Paolina,Kidds,71,pkidds45@spotify.com,20 Bowman Alley,Vaxholm,Sweden
151,Hillier,Korneichik,63,hkorneichik46@businesswire.com,870 Union Lane,Juupajoki,Finland
152,Aubrette,Philbrick,73,aphilbrick47@berkeley.edu,92 Tony Plaza,Stockholm,Sweden
153,Cacilie,Barrar,77,cbarrar48@fema.gov,8178 Laurel Park,Kista,Sweden
154,Shantee,Holbury,47,sholbury49@uiuc.edu,55 Emmet Junction,Linköping,Sweden
155,Mildred,Guidi,31,mguidi4a@google.fr,7 Forster Hill,Sollebrunn,Sweden
156,Meggy,Guppie,45,mguppie4b@amazon.co.jp,5713 Barnett Plaza,Värmdö,Sweden
157,Maybelle,Harden,34,mharden4c@google.es,97 Chinook Parkway,Kungsbacka,Sweden
158,Gill,Ravilious,67,gravilious4d@gov.uk,68 Bunting Alley,Ljusdal,Sweden
159,Sidoney,Fieldhouse,20,sfieldhouse4e@comcast.net,935 Kennedy Hill,Borås,Sweden
160,Parnell,Duffield,62,pduffield4f@simplemachines.org,5 Garrison Road,Visby,Sweden
161,Scott,Lukins,21,slukins4g@howstuffworks.com,8 Leroy Terrace,Sollefteå,Sweden
162,Sherman,Medina,58,smedina4h@home.pl,1839 Clyde Gallagher Court,Järfälla,Sweden
163,Dyan,Gloyens,79,dgloyens4i@g.co,06 Welch Point,Gävle,Sweden
164,Calypso,Eaken,61,ceaken4j@drupal.org,4 Florence Trail,Kalmar,Sweden
165,Giffer,Kondratenya,51,gkondratenya4k@bandcamp.com,5604 Carey Circle,København,Denmark
166,Ellsworth,Riccetti,25,ericcetti4l@feedburner.com,337 Green Ridge Street,Göteborg,Sweden
167,Druci,Kleinholz,22,dkleinholz4m@dedecms.com,42516 Haas Parkway,Sundbyberg,Sweden
168,Lexis,Crocken,74,lcrocken4n@xing.com,12335 Gale Parkway,Stockholm,Sweden
169,Jarib,Gaytor,26,jgaytor4o@bigcartel.com,4 Sommers Terrace,Nora,Sweden
170,Salvidor,Digance,39,sdigance4p@mail.ru,0 Briar Crest Road,Petäjävesi,Finland
171,Briana,Caruth,37,bcaruth4q@skype.com,3231 Bunker Hill Street,Karlstad,Sweden
172,Nonie,Guidotti,21,nguidotti4r@zdnet.com,81 Valley Edge Place,Borlänge,Sweden
173,Tirrell,Behan,80,tbehan4s@plala.or.jp,1 Daystar Park,Åhus,Sweden
174,Gabie,Lodemann,73,glodemann4t@tumblr.com,5549 Melvin Way,Ludvika,Sweden
175,Maryanne,Hayden,27,mhayden4u@webeden.co.uk,50275 Marcy Place,Sandnes,Norway
176,Garvey,McAllester,27,gmcallester4v@latimes.com,625 Rigney Alley,Partille,Sweden
177,Corbett,Vermer,68,cvermer4w@miibeian.gov.cn,75147 Lawn Terrace,Stockholm,Sweden
178,Dwayne,Harridge,77,dharridge4x@example.com,01422 Raven Trail,Munkedal,Sweden
179,Aeriel,Dyer,59,adyer4y@bing.com,8 Milwaukee Road,Joutsa,Finland
180,Mariquilla,Gatteridge,77,mgatteridge4z@tinyurl.com,864 Vahlen Terrace,Mora,Sweden
181,Bartholomeo,Rexworthy,37,brexworthy50@bloglovin.com,982 Debs Alley,Lysekil,Sweden
182,Breena,Mabbot,46,bmabbot51@friendfeed.com,0 Hallows Drive,Varberg,Sweden
183,Isidoro,Ziem,30,iziem52@weather.com,8820 Clyde Gallagher Lane,Vindeln,Sweden
184,Carlie,Bachanski,30,cbachanski53@spotify.com,16 Ridgeview Court,Muurla,Finland
185,Idette,Muckleston,73,imuckleston54@constantcontact.com,7930 Johnson Point,Farsta,Sweden
186,Jorey,Fussen,73,jfussen55@aboutads.info,174 Fordem Crossing,Karlskrona,Sweden
187,Jillana,Plumer,45,jplumer56@about.me,5897 American Center,Inari,Finland
188,Merrill,Schindler,74,mschindler57@bravesites.com,6 Lawn Drive,Sundbyberg,Sweden
189,Anne,Flanne,76,aflanne58@gov.uk,8 Sunfield Point,Vimmerby,Sweden
190,Brok,Pollitt,27,bpollitt59@home.pl,808 Golden Leaf Point,Katrineholm,Sweden
191,Rodi,Cherry Holme,52,rcherryholme5a@squidoo.com,4 Badeau Circle,Sollebrunn,Sweden
192,Lindsay,Goldine,52,lgoldine5b@cornell.edu,5 Shoshone Lane,Arboga,Sweden
193,Selinda,Newvell,30,snewvell5c@jugem.jp,13827 Huxley Drive,Uppsala,Sweden
194,Ulrika,Garaghan,38,ugaraghan5d@surveymonkey.com,05 Almo Alley,Nyköping,Sweden
195,Ruddy,Karim,80,rkarim5e@patch.com,234 Claremont Center,Luleå,Sweden
196,Nana,Bevar,35,nbevar5f@pcworld.com,3392 Daystar Drive,Bergen,Norway
197,Fredra,O'Doherty,32,fodoherty5g@devhub.com,496 Mcbride Center,Bandhagen,Sweden
198,Lothaire,Krebs,39,lkrebs5h@github.com,562 Nova Street,Södertälje,Sweden
199,Tanhya,Puckham,69,tpuckham5i@foxnews.com,99 Village Green Point,Västerås,Sweden
200,Gris,Wooderson,62,gwooderson5j@altervista.org,66 Londonderry Crossing,Hässleholm,Sweden
201,Harry,Behrens,58,hbehrens5k@mashable.com,973 Porter Center,Fredrikstad,Norway
202,Romona,Linden,64,rlinden5l@behance.net,15722 Waywood Parkway,Huskvarna,Sweden
203,Vito,Halwood,34,vhalwood5m@vkontakte.ru,25 Clemons Junction,Värnamo,Sweden
204,Ciro,Reddings,71,creddings5n@phpbb.com,33711 Loomis Street,Stockholm,Sweden
205,Kirsti,Plampin,61,kplampin5o@symantec.com,6 Beilfuss Park,Frederiksberg,Denmark
206,Valentine,Leechman,75,vleechman5p@skype.com,6 Brown Pass,Älvdalen,Sweden
207,Winna,Dunseath,70,wdunseath5q@mail.ru,82462 Iowa Circle,Västerås,Sweden
208,Ryun,Aberkirder,23,raberkirder5r@accuweather.com,777 Manley Point,Gislaved,Sweden
209,Constantine,Ogers,63,cogers5s@irs.gov,8160 Dixon Point,Sundsvall,Sweden
210,Maynord,Jopp,75,mjopp5t@cornell.edu,30 Dorton Court,Vaggeryd,Sweden
211,Donnell,Johns,51,djohns5u@vk.com,53335 Golf Hill,Haparanda,Sweden
212,Leigh,Pattillo,31,lpattillo5v@home.pl,01501 Quincy Park,Bagarmossen,Sweden
213,Thebault,Elsdon,80,telsdon5w@virginia.edu,9 Blaine Park,Borlänge,Sweden
214,Hale,Lingwood,56,hlingwood5x@sina.com.cn,24878 Lien Alley,Göteborg,Sweden
215,Ann-marie,Moukes,47,amoukes5y@ask.com,7 Meadow Valley Lane,Växjö,Sweden
216,Debra,Dalston,22,ddalston5z@deliciousdays.com,6 Ryan Junction,Falun,Sweden
217,Godiva,Lademann,62,glademann60@bigcartel.com,915 Sheridan Court,Stockholm,Sweden
218,Winfred,Crimp,54,wcrimp61@patch.com,3183 Nancy Lane,Höganäs,Sweden
219,Piper,Kerton,37,pkerton62@oracle.com,3471 Norway Maple Center,Åkersberga,Sweden
220,Kandace,Bradford,63,kbradford63@aboutads.info,97291 Nobel Circle,Kemijärvi,Finland
221,Tilda,Riach,46,triach64@github.io,345 Dorton Place,Stockholm,Sweden
222,Shay,Carse,62,scarse65@arstechnica.com,9677 Sage Junction,Moss,Norway
223,Fanni,Hartzogs,26,fhartzogs66@clickbank.net,2175 Schurz Court,Göteborg,Sweden
224,Lucais,Bickford,67,lbickford67@hatena.ne.jp,049 Bunting Center,Otaniemi,Finland
225,Codi,Mc Menamin,46,cmcmenamin68@adobe.com,0 Debra Hill,Rönninge,Sweden
226,Aurelea,Eskrick,72,aeskrick69@usa.gov,202 Dixon Lane,Hafrsfjord,Norway
227,Creight,Quinnette,73,cquinnette6a@unc.edu,666 Mendota Road,Stockholm,Sweden
228,Yanaton,Parrington,78,yparrington6b@elegantthemes.com,22 Kennedy Street,Hörby,Sweden
229,Minda,O'Cullinane,74,mocullinane6c@ucsd.edu,8205 Oxford Alley,Strömsund,Sweden
230,Moyna,Akester,77,makester6d@xing.com,01277 Dexter Point,Tyresö,Sweden
231,Janek,Simcox,47,jsimcox6e@weebly.com,1 Nevada Crossing,København,Denmark
232,Dallas,Polino,29,dpolino6f@360.cn,714 Carey Lane,Västerås,Sweden
233,Claribel,Adamou,24,cadamou6g@pinterest.com,7074 Jay Crossing,Norrköping,Sweden
234,Shelden,Tayt,37,stayt6h@ebay.com,6 Golden Leaf Court,Linköping,Sweden
235,Jewell,Berka,31,jberka6i@wired.com,819 Summerview Alley,Ålesund,Norway
236,Violetta,Lammert,73,vlammert6j@ft.com,84 Westend Place,Linköping,Sweden
237,Maddi,Maffezzoli,28,mmaffezzoli6k@hexun.com,4427 Sherman Alley,Stockholm,Sweden
238,Dell,Tadd,55,dtadd6l@typepad.com,30 Boyd Parkway,Ängelholm,Sweden
239,Celestyn,Oxer,37,coxer6m@stanford.edu,793 Forest Lane,Kista,Sweden
240,Tessi,Spat,30,tspat6n@forbes.com,15 Badeau Park,Borlänge,Sweden
241,Maryanna,Iorns,77,miorns6o@indiatimes.com,5623 Haas Court,Fyllingsdalen,Norway
242,Gerek,Chrstine,63,gchrstine6p@craigslist.org,72 Tony Alley,Hamar,Norway
243,Serena,Buggs,26,sbuggs6q@yandex.ru,0753 Hoffman Place,Lycksele,Sweden
244,Kerianne,Scrimgeour,26,kscrimgeour6r@senate.gov,480 Drewry Trail,Västerhaninge,Sweden
245,Ryley,Hamlett,49,rhamlett6s@miibeian.gov.cn,60732 Banding Circle,Kalmar,Sweden
246,Sofia,Heindl,57,sheindl6t@upenn.edu,9 Steensland Trail,Stockholm,Sweden
247,Kelsy,Sutherns,35,ksutherns6u@sfgate.com,81706 Coleman Drive,Pyhäsalmi,Finland
248,Rudy,Ick,56,rick6v@eepurl.com,60146 Mccormick Drive,Linköping,Sweden
249,Sammie,Twyning,79,stwyning6w@google.com.br,0943 Fremont Pass,Södertälje,Sweden
250,Rex,Stoad,27,rstoad6x@behance.net,6530 Jana Avenue,Saukkola,Finland
251,Raddy,Ceaser,58,rceaser6y@t-online.de,718 Farmco Park,Visby,Sweden
252,Perry,Harbord,62,pharbord6z@shareasale.com,5895 Lakewood Pass,Nynäshamn,Sweden
253,Emogene,Baldick,28,ebaldick70@about.com,20 Lillian Drive,Lindome,Sweden
254,Goldia,Jakobsson,23,gjakobsson71@sbwire.com,5240 Green Ridge Parkway,Äänekoski,Finland
255,Franni,Hanster,43,fhanster72@vimeo.com,7557 Graceland Hill,Sandviken,Sweden
256,Briggs,Stockton,57,bstockton73@oracle.com,1786 Village Parkway,Danderyd,Sweden
257,Oliviero,Sibbert,45,osibbert74@oakley.com,213 Thackeray Plaza,Tromsø,Norway
258,Karylin,Sterricker,75,ksterricker75@netvibes.com,8 Lien Point,Vänersborg,Sweden
259,Galvin,Barday,68,gbarday76@sciencedirect.com,7007 Menomonie Hill,Lidköping,Sweden
260,Morley,Bolderson,57,mbolderson77@ftc.gov,3003 Norway Maple Center,Västerås,Sweden
261,Gaspard,Lerway,27,glerway78@upenn.edu,98 Lighthouse Bay Parkway,Solna,Sweden
262,Gavra,Bellingham,59,gbellingham79@washingtonpost.com,2108 Sutherland Park,Luleå,Sweden
263,Giselbert,Chidzoy,58,gchidzoy7a@trellian.com,09 Portage Park,Borlänge,Sweden
264,Roberto,Colbron,53,rcolbron7b@uiuc.edu,06 Maryland Center,København,Denmark
265,Teressa,Westberg,74,twestberg7c@nbcnews.com,7 Magdeline Circle,Tuusula,Finland
266,Winny,Kiellor,51,wkiellor7d@tinyurl.com,0 Mesta Circle,Norberg,Sweden
267,Eustace,Bleddon,60,ebleddon7e@over-blog.com,57600 Green Alley,Södra Sandby,Sweden
268,Yankee,Karolovsky,43,ykarolovsky7f@cdbaby.com,985 Oak Hill,Lillehammer,Norway
269,Joleen,Nizet,49,jnizet7g@trellian.com,6 Bashford Center,Uppsala,Sweden
270,Wenona,Follacaro,59,wfollacaro7h@facebook.com,179 Badeau Junction,Järfälla,Sweden
271,Reed,Marcq,21,rmarcq7i@shop-pro.jp,907 Bonner Parkway,Södertälje,Sweden
272,Dani,Alexis,76,dalexis7j@hibu.com,35291 Leroy Alley,Solna,Sweden
273,Hansiain,Seward,27,hseward7k@guardian.co.uk,36075 Cottonwood Point,Kvänum,Sweden
274,Fee,Garden,32,fgarden7l@google.ca,088 Hoffman Plaza,Stockholm,Sweden
275,Donia,Sidebotham,29,dsidebotham7m@diigo.com,9030 Union Lane,Kiruna,Sweden
276,Carolyn,Eastam,66,ceastam7n@webmd.com,426 Bay Avenue,Nässjö,Sweden
277,Willetta,Tumelty,29,wtumelty7o@edublogs.org,62 Erie Pass,Solna,Sweden
278,Sherie,Axtell,37,saxtell7p@amazonaws.com,550 Beilfuss Court,Halden,Norway
279,Darcy,Dumsday,34,ddumsday7q@soup.io,07939 Northfield Road,Rautjärvi,Finland
280,Freda,Sincock,41,fsincock7r@bravesites.com,4 Hayes Lane,Borås,Sweden
281,Lewes,Baudic,32,lbaudic7s@vinaora.com,61818 Melby Court,Luleå,Sweden
282,Parrnell,Durnan,34,pdurnan7t@csmonitor.com,6120 Main Center,Trondheim,Norway
283,Devonne,Lindbergh,24,dlindbergh7u@nydailynews.com,47 Elka Pass,Trondheim,Norway
284,Crista,Gossington,56,cgossington7v@indiatimes.com,4258 Coleman Point,Västerås,Sweden
285,Carena,Longwood,34,clongwood7w@aol.com,502 Logan Crossing,Trollhättan,Sweden
286,Adrienne,Bootherstone,27,abootherstone7x@artisteer.com,688 Golden Leaf Park,Pöytyä,Finland
287,Verge,Mulholland,75,vmulholland7y@free.fr,86335 South Plaza,Skellefteå,Sweden
288,Fax,Van Geffen,50,fvangeffen7z@sun.com,755 Carey Alley,Ulricehamn,Sweden
289,Querida,Samwayes,79,qsamwayes80@themeforest.net,6 Arrowood Crossing,Karkkila,Finland
290,Miltie,Pocock,47,mpocock81@tinypic.com,37899 Bartillon Plaza,Göteborg,Sweden
291,Merill,Farnes,35,mfarnes82@elegantthemes.com,1836 Shasta Avenue,Bromölla,Sweden
292,Lorry,McGilleghole,59,lmcgilleghole83@pinterest.com,25495 Summit Street,Haugesund,Norway
293,Cirillo,Janauschek,35,cjanauschek84@accuweather.com,4 Northview Court,Mariestad,Sweden
294,Jany,Championnet,28,jchampionnet85@answers.com,8060 Hagan Circle,København,Denmark
295,Catharine,Taggert,38,ctaggert86@bloomberg.com,61298 Northport Pass,Västanfjärd,Finland
296,Dawna,McSporon,56,dmcsporon87@seesaa.net,93383 Valley Edge Trail,Sundsvall,Sweden
297,Angus,Jimeno,22,ajimeno88@php.net,428 Hansons Circle,Stavanger,Norway
298,Dermot,Brandsen,33,dbrandsen89@sohu.com,17314 Milwaukee Circle,Åtvidaberg,Sweden
299,Chet,Greveson,76,cgreveson8a@reference.com,7301 La Follette Road,Linköping,Sweden
300,Gasper,Yankin,71,gyankin8b@shinystat.com,899 Utah Parkway,Södertälje,Sweden
301,Liuka,Littler,64,llittler8c@tmall.com,07 Larry Terrace,Göteborg,Sweden
302,Delmore,Rozea,40,drozea8d@tripadvisor.com,25113 Sheridan Avenue,Norrahammar,Sweden
303,Astra,Sweetnam,60,asweetnam8e@foxnews.com,23 Toban Road,Karlshamn,Sweden
304,Parry,Snalum,43,psnalum8f@skyrock.com,4828 Daystar Junction,København,Denmark
305,Sanson,Heyward,48,sheyward8g@marketwatch.com,58 Springview Lane,Landvetter,Sweden
306,Blondell,Smeaton,62,bsmeaton8h@yellowbook.com,496 Springview Way,Mouhijärvi,Finland
307,Ingra,Skelbeck,60,iskelbeck8i@reference.com,606 Basil Plaza,Ängelholm,Sweden
308,May,Simione,30,msimione8j@theguardian.com,40 Moose Trail,Norrköping,Sweden
309,Peadar,Cordingley,47,pcordingley8k@unc.edu,86 Vermont Trail,Nässjö,Sweden
310,Sheena,Brookhouse,63,sbrookhouse8l@booking.com,67 Almo Drive,Sundsvall,Sweden
311,Darelle,Jinkins,44,djinkins8m@businessinsider.com,01148 Kings Hill,Stockholm,Sweden
312,Guthrey,Borrow,51,gborrow8n@wikia.com,80 Thompson Street,Nykvarn,Sweden
313,Montague,Burbank,77,mburbank8o@ihg.com,572 Lien Crossing,Helsingborg,Sweden
314,Ernestine,Karim,80,ekarim8p@cyberchimps.com,8 Claremont Street,Stavanger,Norway
315,Wylma,Prangnell,51,wprangnell8q@adobe.com,199 Towne Drive,Göteborg,Sweden
316,Elaine,McFayden,21,emcfayden8r@forbes.com,9 Sheridan Lane,Bankeryd,Sweden
317,Alana,Densie,56,adensie8s@wikispaces.com,90554 Riverside Pass,Örebro,Sweden
318,Maddie,Fyfield,55,mfyfield8t@example.com,3030 Mitchell Park,Kongsvinger,Norway
319,Sheffield,Cockney,52,scockney8u@cdbaby.com,090 Rutledge Center,Kristinehamn,Sweden
320,Julietta,Gerwood,36,jgerwood8v@friendfeed.com,8 Sutherland Trail,Järfälla,Sweden
321,Nevil,Ferminger,48,nferminger8w@freewebs.com,3 Blaine Pass,Bromma,Sweden
322,Morie,Gromley,63,mgromley8x@dailymotion.com,3415 Express Parkway,Älmhult,Sweden
323,Edita,Latty,59,elatty8y@hc360.com,6 Rockefeller Court,Gävle,Sweden
324,Byron,Mower,49,bmower8z@washington.edu,64049 John Wall Point,Nynäshamn,Sweden
325,Truman,Fallow,44,tfallow90@yahoo.com,58372 Grim Plaza,Alavieska,Finland
326,Martguerita,Baldini,55,mbaldini91@walmart.com,72468 Dawn Way,Göteborg,Sweden
327,Tabbie,Skea,69,tskea92@businessweek.com,42 Iowa Avenue,Oslo,Norway
328,Sophia,Assur,79,sassur93@statcounter.com,00 Haas Alley,Halmstad,Sweden
329,Mellie,Summerbell,49,msummerbell94@google.de,4 Caliangt Avenue,Härnösand,Sweden
330,Lillian,Bamber,25,lbamber95@skype.com,84 Donald Lane,Kempele,Finland
331,Gaston,Connow,50,gconnow96@google.es,1624 Pleasure Court,Evijärvi,Finland
332,Mollie,Hogbin,70,mhogbin97@wordpress.org,86 Glendale Alley,Danderyd,Sweden
333,Modestine,Jeske,53,mjeske98@imageshack.us,21216 Pearson Alley,Örebro,Sweden
334,Dael,Deverill,55,ddeverill99@amazonaws.com,6140 Holy Cross Park,Oslo,Norway
335,Xaviera,Synan,49,xsynan9a@microsoft.com,66320 Rockefeller Road,Tromsø,Norway
336,Carter,Briance,29,cbriance9b@feedburner.com,113 Corben Avenue,Stockholm,Sweden
337,Phaidra,Crafter,69,pcrafter9c@ebay.com,28 Maryland Terrace,Hova,Sweden
338,Jeanne,Bampfield,42,jbampfield9d@cafepress.com,6 John Wall Lane,Växjö,Sweden
339,Sherie,Tremble,36,stremble9e@bbb.org,284 Valley Edge Lane,Ytterby,Sweden
340,Dun,Taphouse,20,dtaphouse9f@gov.uk,629 Laurel Road,Uddevalla,Sweden
341,Wang,Whitbread,42,wwhitbread9g@infoseek.co.jp,80 Dahle Pass,Oslo,Norway
342,Morgun,Tierney,38,mtierney9h@wordpress.org,46226 Crowley Drive,Huddinge,Sweden
343,Elaina,Odgers,58,eodgers9i@oracle.com,32 Dexter Park,Haukivuori,Finland
344,Nicola,McKune,64,nmckune9j@princeton.edu,71 Golden Leaf Avenue,Eskilstuna,Sweden
345,Darla,Zambonini,23,dzambonini9k@joomla.org,3130 4th Drive,Uppsala,Sweden
346,Zilvia,Lightwood,64,zlightwood9l@smh.com.au,67425 Pawling Trail,Tibro,Sweden
347,Lonnie,Bee,44,lbee9m@surveymonkey.com,08 West Plaza,Saltsjö-Boo,Sweden
348,Eden,Radki,38,eradki9n@geocities.com,896 Hauk Hill,Oslo,Norway
349,Frants,Twidale,36,ftwidale9o@discovery.com,75 Algoma Junction,Karlstad,Sweden
350,Dannie,Rops,36,drops9p@boston.com,2486 Sundown Crossing,Skene,Sweden
351,Ellsworth,Skittreal,40,eskittreal9q@nbcnews.com,898 Buhler Pass,Bromma,Sweden
352,Lotta,Alejandre,63,lalejandre9r@jigsy.com,5 Forster Plaza,Oslo,Norway
353,Cornelius,Elacoate,56,celacoate9s@indiatimes.com,07681 Rigney Alley,Suodenniemi,Finland
354,Ruthi,Fluger,69,rfluger9t@de.vu,9 Jenifer Terrace,Bergen,Norway
355,Katya,Ebbett,25,kebbett9u@sun.com,98 Sherman Pass,Urjala,Finland
356,Joelie,Kiellor,63,jkiellor9v@usda.gov,31 Ludington Road,Rönninge,Sweden
357,Crystal,Cloughton,77,ccloughton9w@spiegel.de,52436 Westend Park,Oxelösund,Sweden
358,Bert,Lehrer,80,blehrer9x@bigcartel.com,6948 Lien Way,Frederiksberg,Denmark
359,Evelyn,Morritt,35,emorritt9y@patch.com,49 Lakewood Court,Mouhijärvi,Finland
360,Annemarie,Reeveley,67,areeveley9z@t.co,7847 Hooker Pass,Uddevalla,Sweden
361,Terri-jo,Saiger,58,tsaigera0@tinyurl.com,1107 Pepper Wood Junction,Jönköping,Sweden
362,Jorey,Bellworthy,44,jbellworthya1@jalbum.net,0 Dixon Terrace,København,Denmark
363,Ezechiel,Matchett,25,ematchetta2@google.pl,29019 Brickson Park Lane,Oslo,Norway
364,Lindon,Winspire,32,lwinspirea3@usda.gov,9607 Hansons Junction,Strömstad,Sweden
365,Philipa,Capponeer,59,pcapponeera4@kickstarter.com,99642 Starling Lane,Tyresö,Sweden
366,Port,Pavlata,80,ppavlataa5@sciencedirect.com,224 Gina Way,Köpingsvik,Sweden
367,Beitris,Buss,80,bbussa6@imageshack.us,87 Esker Crossing,Täby,Sweden
368,Krisha,Skunes,60,kskunesa7@discuz.net,28099 Spohn Center,Uppsala,Sweden
369,Conny,Marcq,63,cmarcqa8@friendfeed.com,972 Independence Plaza,Vårgårda,Sweden
370,Alexio,Roderighi,29,aroderighia9@ameblo.jp,70360 Manley Hill,Stockholm,Sweden
371,Gun,Stailey,56,gstaileyaa@go.com,76584 Susan Street,Göteborg,Sweden
372,Rogers,Spours,29,rspoursab@storify.com,5 Miller Park,Hägersten,Sweden
373,Marjy,Rampton,72,mramptonac@networkadvertising.org,33841 Nevada Point,Porsgrunn,Norway
374,Caitrin,Keene,46,ckeenead@mac.com,48 Scoville Parkway,Sollefteå,Sweden
375,Ramsey,Yuille,73,ryuilleae@mediafire.com,603 Hazelcrest Circle,Eksjö,Sweden
376,Chelsae,Pavlata,51,cpavlataaf@deliciousdays.com,118 Anhalt Place,Frederiksberg,Denmark
377,Hallsy,Izacenko,37,hizacenkoag@infoseek.co.jp,0453 Hermina Plaza,København,Denmark
378,Harriot,Fawlkes,64,hfawlkesah@bluehost.com,0 Sunbrook Plaza,Bengtsfors,Sweden
379,Lindsy,Admans,20,ladmansai@symantec.com,87693 Gateway Center,Helsingborg,Sweden
380,Leshia,McPhail,60,lmcphailaj@timesonline.co.uk,26 Prairieview Circle,Bergen,Norway
381,Adrianne,Rubinowitz,43,arubinowitzak@nsw.gov.au,98636 Carey Place,Muurame,Finland
382,Terrie,Kerans,44,tkeransal@fotki.com,1401 Forest Run Crossing,Älvsjö,Sweden
383,Bret,Allden,53,balldenam@etsy.com,10 Prairieview Place,Porsgrunn,Norway
384,Jonas,Stathor,74,jstathoran@paypal.com,5 Green Ridge Center,Nynäshamn,Sweden
385,Emmeline,Feveryear,73,efeveryearao@cnn.com,4 Prairieview Terrace,Stockholm,Sweden
386,Calv,Almeida,22,calmeidaap@lycos.com,40076 Dryden Street,Hässelby,Sweden
387,Bertrando,Ledgeway,51,bledgewayaq@istockphoto.com,075 Commercial Alley,Johanneshov,Sweden
388,Netty,Nys,69,nnysar@goo.gl,2111 Gina Court,Ängelholm,Sweden
389,Kit,McCole,30,kmccoleas@ted.com,42 Mosinee Hill,Stockholm,Sweden
390,Brandice,Causton,66,bcaustonat@oaic.gov.au,8591 Scoville Park,Stockholm,Sweden
391,Shellysheldon,Huddles,33,shuddlesau@ameblo.jp,4 Oak Place,Huddinge,Sweden
392,Rozina,Losebie,53,rlosebieav@sphinn.com,425 Jenna Circle,Inari,Finland
393,Urban,Slaght,68,uslaghtaw@imdb.com,080 Randy Avenue,Ylitornio,Finland
394,Cathryn,Kemme,61,ckemmeax@devhub.com,543 Knutson Alley,Katrineholm,Sweden
395,Melvyn,Brock,56,mbrockay@newsvine.com,42 Fordem Point,Oslo,Norway
396,Nydia,Bracchi,70,nbracchiaz@ted.com,8 Dottie Place,Pieksämäki,Finland
397,Sella,Lloyds,46,slloydsb0@i2i.jp,3 Ryan Way,Täby,Sweden
398,Jessalyn,Houlworth,53,jhoulworthb1@samsung.com,98 Eagle Crest Lane,Göteborg,Sweden
399,Janel,Muris,48,jmurisb2@hc360.com,950 Maryland Pass,Linköping,Sweden
400,Mehetabel,Folliott,41,mfolliottb3@reddit.com,31146 Mifflin Junction,Västerås,Sweden
401,Kip,A'Barrow,80,kabarrowb4@last.fm,4322 Maple Parkway,Valtimo,Finland
402,Lorri,Argue,48,largueb5@dailymail.co.uk,79111 Kipling Trail,Moss,Norway
403,Ursuline,Vegas,58,uvegasb6@delicious.com,5065 Pine View Way,Båstad,Sweden
404,Klemens,Yeardley,55,kyeardleyb7@ox.ac.uk,68216 John Wall Plaza,Hartola,Finland
405,Shayne,Goldspink,38,sgoldspinkb8@mac.com,0133 Oak Valley Place,Karlskoga,Sweden
406,Irvin,MacEnelly,22,imacenellyb9@sogou.com,4 Vera Way,Borås,Sweden
407,Marion,Castenda,74,mcastendaba@amazon.co.jp,31 Northwestern Way,Göteborg,Sweden
408,Chere,Johanning,32,cjohanningbb@pinterest.com,274 Dryden Hill,Charlottenberg,Sweden
409,Sarette,Rubke,61,srubkebc@vkontakte.ru,44211 Armistice Road,Motala,Sweden
410,Basil,Passman,61,bpassmanbd@yale.edu,47968 Harbort Alley,Stockholm,Sweden
411,Zelma,Arboine,68,zarboinebe@so-net.ne.jp,42784 Rutledge Avenue,Drammen,Norway
412,Augusta,Batrip,21,abatripbf@nyu.edu,94997 Macpherson Lane,Brunflo,Sweden
413,Jaquelin,Attaway,52,jattawaybg@live.com,1619 Prentice Terrace,Tungelsta,Sweden
414,Benita,Hindmoor,66,bhindmoorbh@pbs.org,6705 Michigan Way,Nurmijärvi,Finland
415,Jorge,McQuaide,29,jmcquaidebi@va.gov,7 Vidon Avenue,Luleå,Sweden
416,Collete,Kitchinghan,47,ckitchinghanbj@opera.com,93923 Eggendart Plaza,Stockholm,Sweden
417,Guinna,Given,35,ggivenbk@dmoz.org,327 Sachtjen Park,Eskilstuna,Sweden
418,Lexine,Beche,21,lbechebl@biglobe.ne.jp,2069 Spaight Terrace,Trondheim,Norway
419,Brockie,Brims,62,bbrimsbm@theguardian.com,67 Dexter Plaza,Åkersberga,Sweden
420,Christian,Lynde,36,clyndebn@cornell.edu,3976 Hauk Park,Tornio,Finland
421,Kitti,Burmingham,36,kburminghambo@barnesandnoble.com,12585 Anzinger Lane,Skinnskatteberg,Sweden
422,Bernetta,Scritch,21,bscritchbp@symantec.com,7176 Raven Plaza,Tuupovaara,Finland
423,Sander,Blagden,80,sblagdenbq@yelp.com,26 Calypso Point,Skara,Sweden
424,Dolli,Abdie,40,dabdiebr@webs.com,8078 Derek Plaza,Östhammar,Sweden
425,Archie,Rasper,30,arasperbs@blogspot.com,93 Red Cloud Circle,Linköping,Sweden
426,Pru,Lattie,28,plattiebt@cafepress.com,56 Arapahoe Alley,Oslo,Norway
427,Mellisent,Philipot,49,mphilipotbu@boston.com,90 Lindbergh Place,Kristiansund N,Norway
428,Janna,Wedlake,67,jwedlakebv@mayoclinic.com,3 Sauthoff Parkway,Göteborg,Sweden
429,Wilhelmina,Schankelborg,69,wschankelborgbw@themeforest.net,80 Westerfield Junction,Stockholm,Sweden
430,Ralina,Cockren,70,rcockrenbx@economist.com,33 Arizona Crossing,Eslöv,Sweden
431,Philippe,Milkin,26,pmilkinby@addthis.com,76 Lakeland Circle,Haninge,Sweden
432,Audi,Kiss,79,akissbz@parallels.com,64 Hoard Center,Sundbyberg,Sweden
433,Flory,Gages,62,fgagesc0@fastcompany.com,86867 Butterfield Center,Suodenniemi,Finland
434,Tomas,Goncalo,48,tgoncaloc1@purevolume.com,7 Claremont Junction,Haugesund,Norway
435,Maria,Boij,28,mboijc2@army.mil,8168 Sunnyside Lane,Vallentuna,Sweden
436,Feliza,Gaymar,56,fgaymarc3@miibeian.gov.cn,0652 Sommers Terrace,Forshaga,Sweden
437,Rosemonde,Pearton,28,rpeartonc4@comsenz.com,103 Evergreen Road,Vellinge,Sweden
438,Harlan,Menloe,62,hmenloec5@slate.com,403 Magdeline Drive,Örebro,Sweden
439,Ibrahim,Peyro,45,ipeyroc6@gizmodo.com,051 Charing Cross Pass,Vuokatti,Finland
440,Jenifer,Iacovozzo,73,jiacovozzoc7@blogs.com,9627 Southridge Lane,Köping,Sweden
441,Francisca,Rattray,46,frattrayc8@comsenz.com,1 Muir Plaza,Fagersta,Sweden
442,Deedee,Rastrick,42,drastrickc9@ihg.com,14628 Arapahoe Park,Piteå,Sweden
443,Dolli,Houselee,60,dhouseleeca@amazon.com,4 Bowman Park,Åstorp,Sweden
444,Berty,MacUchadair,38,bmacuchadaircb@sohu.com,57292 Bluejay Crossing,Västerås,Sweden
445,Dorelia,Labbet,54,dlabbetcc@hugedomains.com,509 Cardinal Hill,Marttila,Finland
446,Berrie,Bloggett,80,bbloggettcd@devhub.com,3 Sage Trail,Västerås,Sweden
447,Fifine,Brentnall,45,fbrentnallce@springer.com,372 Pond Court,Uurainen,Finland
448,Horton,McEntagart,51,hmcentagartcf@yandex.ru,63716 Corry Terrace,Kongsvinger,Norway
449,Ade,Pipping,79,apippingcg@google.co.jp,8893 Harbort Parkway,Lilla Edet,Sweden
450,Myrilla,Hebbard,31,mhebbardch@weibo.com,6 Emmet Place,Täby,Sweden
451,Lavinie,Eaglesham,32,leagleshamci@state.tx.us,02 Fisk Street,Varberg,Sweden
452,Dalston,Heddon,24,dheddoncj@house.gov,0922 Dovetail Place,Oslo,Norway
453,Errick,Beed,39,ebeedck@jigsy.com,519 Oneill Hill,Bergen,Norway
454,Sherry,Kordovani,36,skordovanicl@sciencedaily.com,92923 Dixon Plaza,Vänersborg,Sweden
455,Brynn,Bavester,25,bbavestercm@163.com,57256 Lakewood Gardens Crossing,Järfälla,Sweden
456,Borden,Pilipets,44,bpilipetscn@theatlantic.com,8922 Swallow Park,Ylöjärvi,Finland
457,Joelie,Biggadyke,48,jbiggadykeco@amazon.com,980 Di Loreto Way,Strömsnäsbruk,Sweden
458,Conway,Bruins,25,cbruinscp@wikimedia.org,9 Debra Avenue,Stockholm,Sweden
459,Mylo,Sandom,70,msandomcq@utexas.edu,09247 Mesta Pass,Borås,Sweden
460,Judith,Barringer,53,jbarringercr@storify.com,3 Forest Dale Street,Liperi,Finland
461,Odette,Pudding,46,opuddingcs@jalbum.net,05 Center Avenue,Molde,Norway
462,Dahlia,Bennike,78,dbennikect@patch.com,4 South Lane,Alavus,Finland
463,Alvie,Cotterrill,49,acotterrillcu@issuu.com,8925 Holmberg Plaza,Leppävirta,Finland
464,Allianora,Mitchelson,77,amitchelsoncv@apple.com,1 Londonderry Terrace,Kannus,Finland
465,Paton,Jolliman,46,pjollimancw@opera.com,338 Goodland Terrace,Mariestad,Sweden
466,Tawnya,Mabbe,32,tmabbecx@smugmug.com,6 Clarendon Lane,Värnamo,Sweden
467,Eddie,Devine,53,edevinecy@cornell.edu,36 Dunning Hill,Älvsbyn,Sweden
468,Liv,Lutsch,70,llutschcz@cafepress.com,1 Merry Avenue,Karjalohja,Finland
469,Colleen,Matt,72,cmattd0@mapy.cz,950 Holmberg Lane,Stockholm,Sweden
470,Vin,Lethabridge,79,vlethabridged1@gizmodo.com,6 Bobwhite Pass,Artjärvi,Finland
471,Desiree,Luc,48,dlucd2@sphinn.com,4895 Tony Drive,Oslo,Norway
472,Willdon,Thursfield,28,wthursfieldd3@nhs.uk,805 Farwell Trail,København,Denmark
473,Travus,Motton,53,tmottond4@artisteer.com,9 Laurel Plaza,Norrköping,Sweden
474,Dania,Leipelt,61,dleipeltd5@redcross.org,11177 Atwood Point,Kävlinge,Sweden
475,Lester,Aspole,31,laspoled6@biblegateway.com,76642 Northwestern Lane,Västervik,Sweden
476,Margery,Lowdeane,74,mlowdeaned7@samsung.com,06 Weeping Birch Alley,Farsta,Sweden
477,Levy,Schafer,62,lschaferd8@auda.org.au,32163 Sommers Drive,Strömstad,Sweden
478,Salem,McKeowon,20,smckeowond9@webnode.com,2 Tony Place,Örnsköldsvik,Sweden
479,Barney,Frogley,66,bfrogleyda@engadget.com,78193 Emmet Lane,Umeå,Sweden
480,Timothy,Grzes,45,tgrzesdb@etsy.com,06002 Shelley Point,Skelleftehamn,Sweden
481,Farleigh,Jeenes,59,fjeenesdc@mtv.com,72317 Ridgeway Road,Åtvidaberg,Sweden
482,Hester,Armand,59,harmanddd@altervista.org,79 Evergreen Place,Stockholm,Sweden
483,Jon,Cassels,61,jcasselsde@fotki.com,17 Namekagon Center,Lidingö,Sweden
484,Kathrine,Domenico,33,kdomenicodf@wikipedia.org,2 Ronald Regan Crossing,Laholm,Sweden
485,Claudelle,Nason,26,cnasondg@gizmodo.com,793 Elka Way,Sundsvall,Sweden
486,Addie,Anders,77,aandersdh@indiegogo.com,8379 Michigan Center,Steinkjer,Norway
487,Whittaker,Tearle,44,wtearledi@wordpress.com,33 Armistice Court,Ystad,Sweden
488,Mozes,Dingivan,76,mdingivandj@princeton.edu,0 Holy Cross Junction,Åmål,Sweden
489,Godfrey,McElree,67,gmcelreedk@angelfire.com,24337 Dorton Plaza,Saltsjö-Boo,Sweden
490,Jamison,Rijkeseis,59,jrijkeseisdl@instagram.com,44 Cordelia Alley,Smålandsstenar,Sweden
491,Ozzie,Siebert,20,osiebertdm@telegraph.co.uk,0199 Waxwing Plaza,Göteborg,Sweden
492,Maybelle,Eringey,49,meringeydn@nih.gov,97541 Linden Circle,Sollefteå,Sweden
493,Giulia,Andriveaux,72,gandriveauxdo@theguardian.com,73 Schlimgen Way,Kalmar,Sweden
494,Vasili,Jickles,48,vjicklesdp@furl.net,541 Orin Avenue,Tanumshede,Sweden
495,Emogene,Scryne,73,escrynedq@fc2.com,1 Scofield Terrace,Nacka,Sweden
496,Ronny,Wellfare,21,rwellfaredr@mapy.cz,75 Monterey Circle,Tranås,Sweden
497,Allx,Corp,24,acorpds@epa.gov,45 School Parkway,Linköping,Sweden
498,Dorene,Dougary,40,ddougarydt@eepurl.com,40459 Bartelt Center,Enköping,Sweden
499,Evan,Rosin,49,erosindu@craigslist.org,52 Amoth Parkway,Vällingby,Sweden
500,Pepe,Hiddsley,24,phiddsleydv@google.de,20 Loftsgordon Drive,Vihti,Finland
501,Frannie,Staniland,44,fstanilanddw@twitter.com,62 Hauk Pass,Kiukainen,Finland
502,Sheena,Braunton,77,sbrauntondx@parallels.com,893 Clemons Place,Trondheim,Norway
503,Ambrosius,McKelvey,41,amckelveydy@reddit.com,80 Washington Way,Arvika,Sweden
504,Gilberte,Hamilton,33,ghamiltondz@mac.com,720 Canary Lane,Luhanka,Finland
505,Doretta,Dorney,35,ddorneye0@phoca.cz,6 Twin Pines Parkway,Strängnäs,Sweden
506,Ulrikaumeko,Millbank,40,umillbanke1@redcross.org,58638 Caliangt Alley,Mölndal,Sweden
507,Cal,Rozenzweig,34,crozenzweige2@ameblo.jp,75 Union Avenue,Angered,Sweden
508,Mathew,Hartup,39,mhartupe3@hhs.gov,5 Lindbergh Drive,Umeå,Sweden
509,Reynold,Skyner,30,rskynere4@auda.org.au,9 Kipling Street,Kiuruvesi,Finland
510,Kaylyn,Maffei,72,kmaffeie5@cdc.gov,580 Corscot Pass,Piteå,Sweden
511,Avivah,Espinas,76,aespinase6@networksolutions.com,980 Lakewood Gardens Crossing,Jönköping,Sweden
512,Trueman,Shurville,74,tshurvillee7@earthlink.net,21919 Kropf Place,Saltsjöbaden,Sweden
513,Margette,Diable,52,mdiablee8@dailymotion.com,6 New Castle Crossing,Stockholm,Sweden
514,Jacquenette,Bankhurst,78,jbankhurste9@blogtalkradio.com,64 Huxley Drive,Kista,Sweden
515,Katrina,Ritchard,56,kritchardea@scientificamerican.com,808 Derek Street,Elverum,Norway
516,Sol,Cordelle,77,scordelleeb@dot.gov,64705 Oakridge Junction,Trollhättan,Sweden
517,Upton,Bocke,77,ubockeec@apache.org,142 Troy Street,Hämeenkoski,Finland
518,Theressa,Macbeth,24,tmacbethed@edublogs.org,556 Nevada Lane,Vimmerby,Sweden
519,Hayward,McLurg,23,hmclurgee@washington.edu,65 Victoria Terrace,Arvika,Sweden
520,Abdul,Broadwood,53,abroadwoodef@bloglines.com,021 Weeping Birch Way,Österbybruk,Sweden
521,Sophey,Licciardo,58,slicciardoeg@stumbleupon.com,48 Bobwhite Plaza,Frederiksberg,Denmark
522,Em,Gatus,55,egatuseh@scientificamerican.com,9 Mcbride Park,Lovisa,Finland
523,Sallee,Towne,71,stowneei@blogger.com,5899 Summer Ridge Center,Bergen,Norway
524,Noby,Spatig,63,nspatigej@addtoany.com,406 Arapahoe Plaza,Umeå,Sweden
525,Naoma,Brackstone,42,nbrackstoneek@guardian.co.uk,91 Gerald Park,Angered,Sweden
526,Rowena,Lindhe,33,rlindheel@wikimedia.org,10 Waxwing Plaza,Skanör,Sweden
527,Brandise,McKernan,61,bmckernanem@abc.net.au,3 7th Road,Göteborg,Sweden
528,Marylynne,Hanning,59,mhanningen@opensource.org,20264 Cambridge Place,Örnsköldsvik,Sweden
529,Cayla,Pymm,38,cpymmeo@altervista.org,5482 Oneill Street,Lovisa,Finland
530,Dunn,Menhci,20,dmenhciep@csmonitor.com,02779 Dixon Road,Torslanda,Sweden
531,Ram,Pepi,33,rpepieq@shutterfly.com,1631 Ludington Street,Göteborg,Sweden
532,Gus,Sharkey,55,gsharkeyer@wp.com,1 Mcguire Circle,Stockholm,Sweden
533,Lucho,Toffanini,59,ltoffaninies@youku.com,2102 2nd Road,Fagersta,Sweden
534,Marcus,Grocott,47,mgrocottet@japanpost.jp,46630 Corry Terrace,Rennebu,Norway
535,Ephrem,Venton,20,eventoneu@alexa.com,2890 Bonner Plaza,Vallentuna,Sweden
536,Natasha,Paulitschke,42,npaulitschkeev@wikimedia.org,67 Graceland Terrace,Storvik,Sweden
537,Yankee,Butrimovich,40,ybutrimovichew@quantcast.com,1551 Del Mar Plaza,Kiiminki,Finland
538,Gerti,Galpen,51,ggalpenex@bing.com,58579 Paget Road,Huddinge,Sweden
539,Asia,Hanwright,43,ahanwrightey@springer.com,23278 Browning Drive,Solna,Sweden
540,Umeko,Greet,67,ugreetez@jugem.jp,215 Corry Terrace,Skien,Norway
541,Hoebart,Mason,46,hmasonf0@google.co.jp,07848 Jay Hill,Alingsås,Sweden
542,Elonore,Meyrick,79,emeyrickf1@about.com,3778 Bayside Alley,Ylitornio,Finland
543,Vinni,Geill,34,vgeillf2@flickr.com,20291 Bluestem Court,Ilmajoki,Finland
544,Mirelle,Matzel,79,mmatzelf3@gravatar.com,684 Artisan Center,Kvissleby,Sweden
545,Egan,Bendell,56,ebendellf4@boston.com,2029 Elgar Crossing,Smedjebacken,Sweden
546,Robinet,Flicker,54,rflickerf5@com.com,56032 Cascade Junction,Klippan,Sweden
547,Stuart,Reaney,26,sreaneyf6@gov.uk,85 Ronald Regan Point,Rönninge,Sweden
548,Edan,Hunnisett,39,ehunnisettf7@ovh.net,9474 Porter Place,Uppsala,Sweden
549,Effie,Rossiter,71,erossiterf8@woothemes.com,3 Bonner Trail,Stockholm,Sweden
550,Abbie,Yandle,70,ayandlef9@istockphoto.com,60948 Milwaukee Plaza,Göteborg,Sweden
551,Robinia,Brotherick,31,rbrotherickfa@cnet.com,9639 Beilfuss Street,Göteborg,Sweden
552,Rip,Harbert,35,rharbertfb@discuz.net,15451 Lakewood Trail,Oslo,Norway
553,Roseanna,Dows,22,rdowsfc@wired.com,0598 Menomonie Point,Kävlinge,Sweden
554,Bunnie,Pullen,65,bpullenfd@shop-pro.jp,4552 Crest Line Drive,Örnsköldsvik,Sweden
555,Amii,Large,51,alargefe@theguardian.com,8463 Sherman Hill,Oslo,Norway
556,Wells,Oldcroft,35,woldcroftff@hugedomains.com,9218 Elmside Plaza,Tomteboda,Sweden
557,Wilhelm,Hellwig,78,whellwigfg@timesonline.co.uk,9315 Barby Way,Västerås,Sweden
558,Gerri,Nunan,49,gnunanfh@uol.com.br,7887 Washington Center,Norrköping,Sweden
559,Town,Oxborough,67,toxboroughfi@rediff.com,1403 Sunnyside Parkway,Oslo,Norway
560,Hastie,Shropshire,42,hshropshirefj@intel.com,5 Corben Center,Oslo,Norway
561,Cornie,Huglin,28,chuglinfk@usda.gov,65 Helena Street,Helsingborg,Sweden
562,Zacharia,Tomanek,21,ztomanekfl@epa.gov,0591 Welch Crossing,Lidingö,Sweden
563,Astrid,Dowbekin,75,adowbekinfm@accuweather.com,760 Summerview Road,Gävle,Sweden
564,Lindy,Carswell,74,lcarswellfn@wp.com,00 Ridge Oak Point,Steinkjer,Norway
565,Davide,Seide,38,dseidefo@java.com,69986 Loomis Pass,Drammen,Norway
566,Tris,McTrustram,69,tmctrustramfp@gnu.org,5 Nova Alley,Båstad,Sweden
567,Janenna,Attenbarrow,74,jattenbarrowfq@google.com,99 Gerald Place,Katrineholm,Sweden
568,Hermie,Kaley,72,hkaleyfr@gmpg.org,0227 Havey Center,Stockholm,Sweden
569,Ki,Digges,48,kdiggesfs@bloomberg.com,3591 Luster Drive,Honkajoki,Finland
570,Nell,Di Bartolommeo,47,ndibartolommeoft@utexas.edu,462 Del Mar Junction,Göteborg,Sweden
571,Stevie,Cockarill,41,scockarillfu@cornell.edu,7682 South Plaza,Pudasjärvi,Finland
572,Corie,Southby,37,csouthbyfv@ning.com,944 Barnett Crossing,Arvika,Sweden
573,Ruben,Daniels,36,rdanielsfw@amazon.com,94622 Lerdahl Street,Tromsø,Norway
574,Fey,Thody,53,fthodyfx@jalbum.net,5789 Garrison Avenue,Drammen,Norway
575,Hillyer,Pena,74,hpenafy@cmu.edu,6764 Truax Center,Herrljunga,Sweden
576,Paton,Hodgets,31,phodgetsfz@google.ca,51 Elka Hill,Solna,Sweden
577,Delmor,Woehler,25,dwoehlerg0@comcast.net,54 3rd Crossing,Stockholm,Sweden
578,Maurise,McClements,37,mmcclementsg1@bbc.co.uk,3 Waubesa Lane,Sala,Sweden
579,Oliy,Palombi,39,opalombig2@samsung.com,173 Village Green Place,Köping,Sweden
580,Krissie,Barnwille,41,kbarnwilleg3@goo.ne.jp,15 Coolidge Pass,Grimstad,Norway
581,Elvina,Downs,46,edownsg4@scientificamerican.com,1431 Drewry Junction,Kil,Sweden
582,Herculie,Crees,67,hcreesg5@imageshack.us,70829 7th Street,Stockholm,Sweden
583,Row,Mollen,75,rmolleng6@blinklist.com,2942 Hollow Ridge Circle,Lidköping,Sweden
584,Roanne,Dionisio,74,rdionisiog7@businessweek.com,3717 Farmco Hill,København,Denmark
585,Brandea,Mc Cahey,44,bmccaheyg8@telegraph.co.uk,0103 Troy Plaza,København,Denmark
586,Jocelyne,Causier,79,jcausierg9@fotki.com,393 Roxbury Road,Norberg,Sweden
587,Addie,Collister,78,acollisterga@ustream.tv,8 Golf View Pass,Oslo,Norway
588,Dorthea,Mousley,53,dmousleygb@mysql.com,47 Novick Parkway,Nykvarn,Sweden
589,Lenard,Pie,56,lpiegc@webmd.com,7 Barnett Alley,Stockholm,Sweden
590,Sampson,Decourcy,79,sdecourcygd@plala.or.jp,0 Anderson Hill,Falkenberg,Sweden
591,Alene,Bullingham,43,abullinghamge@marketwatch.com,724 Buena Vista Point,Tanumshede,Sweden
592,Alison,Byforth,30,abyforthgf@usda.gov,88 Old Gate Junction,Kista,Sweden
593,Normie,Lotze,26,nlotzegg@weebly.com,29 Jana Pass,Kuhmo,Finland
594,Carey,Latus,33,clatusgh@ustream.tv,45 Armistice Way,Kista,Sweden
595,Titus,Grouer,47,tgrouergi@mac.com,2168 Pawling Place,Stockholm,Sweden
596,Kissiah,Inger,42,kingergj@redcross.org,17317 Bashford Way,Oslo,Norway
597,Hardy,O'Hallagan,43,hohallagangk@xrea.com,8992 Esker Circle,Själevad,Sweden
598,Stanislaw,Suff,36,ssuffgl@slideshare.net,73819 Mendota Court,Mora,Sweden
599,Rita,Edgehill,63,redgehillgm@flavors.me,3 Schiller Circle,Sunne,Sweden
600,Morissa,Coventon,63,mcoventongn@rakuten.co.jp,9 Sugar Plaza,Frederiksberg,Denmark
601,Henrieta,Harbord,47,hharbordgo@europa.eu,9612 Mariners Cove Hill,Kiihtelysvaara,Finland
602,Frayda,Demonge,51,fdemongegp@51.la,18375 La Follette Crossing,Skien,Norway
603,Reg,Colt,47,rcoltgq@hao123.com,9 Green Ridge Street,Lycksele,Sweden
604,Buddie,Frascone,23,bfrasconegr@telegraph.co.uk,5 Ridgeview Hill,Örebro,Sweden
605,Lauri,Sennett,50,lsennettgs@symantec.com,1243 Corben Road,Ljungby,Sweden
606,Deerdre,Askew,74,daskewgt@ihg.com,88 Lawn Avenue,København,Denmark
607,Abbe,Hildred,38,ahildredgu@springer.com,00 Onsgard Point,Skellefteå,Sweden
608,Rabbi,Huyton,45,rhuytongv@netlog.com,696 Ridgeway Alley,Uusikaupunki,Finland
609,Elliott,Corah,75,ecorahgw@feedburner.com,4 Sunnyside Trail,Angered,Sweden
610,Tomasina,Kidgell,65,tkidgellgx@alibaba.com,627 Larry Junction,Harstad,Norway
611,Fidelio,Peters,38,fpetersgy@adobe.com,50797 Cardinal Center,Stockholm,Sweden
612,Jacquenette,Manning,79,jmanninggz@oaic.gov.au,987 Schlimgen Point,Västerås,Sweden
613,Curr,Seeborne,66,cseeborneh0@php.net,639 Schlimgen Park,Lestijärvi,Finland
614,Cullie,Passfield,31,cpassfieldh1@netlog.com,2213 Lyons Place,Göteborg,Sweden
615,Dieter,Louden,42,dloudenh2@barnesandnoble.com,89472 Mendota Center,Västerås,Sweden
616,Evvie,Henningham,23,ehenninghamh3@nsw.gov.au,7075 Ilene Alley,Huskvarna,Sweden
617,Gerianne,Crone,25,gcroneh4@bigcartel.com,62 Jenna Alley,Hägersten,Sweden
618,Burg,Creamer,63,bcreamerh5@craigslist.org,431 Lake View Drive,København,Denmark
619,Mischa,Dmitrichenko,47,mdmitrichenkoh6@over-blog.com,3 Park Meadow Way,Kristiansund N,Norway
620,Annelise,Tick,50,atickh7@sciencedirect.com,182 Manitowish Street,København,Denmark
621,Rodie,Challinor,20,rchallinorh8@psu.edu,7425 Goodland Court,Göteborg,Sweden
622,Tamera,Shannahan,78,tshannahanh9@hubpages.com,03 Kensington Parkway,Solna,Sweden
623,Anthea,Groneway,67,agronewayha@a8.net,47462 Cody Hill,Söderhamn,Sweden
624,Ewen,Epton,27,eeptonhb@dagondesign.com,791 Red Cloud Circle,Stockholm,Sweden
625,Bess,Toland,69,btolandhc@gnu.org,0693 Anhalt Plaza,København,Denmark
626,Taddeusz,Smedley,23,tsmedleyhd@ucsd.edu,9295 Vermont Trail,Skien,Norway
627,Marketa,Skedge,60,mskedgehe@unc.edu,8579 Haas Terrace,Kiukainen,Finland
628,Edna,Dunbobin,25,edunbobinhf@berkeley.edu,14097 Northfield Alley,Valbo,Sweden
629,Clayton,Brinkworth,72,cbrinkworthhg@vimeo.com,952 Spenser Circle,Arboga,Sweden
630,Randell,Dally,61,rdallyhh@creativecommons.org,5 Bonner Center,Oslo,Norway
631,Gerladina,Roxbee,56,groxbeehi@utexas.edu,587 Crest Line Drive,Stavanger,Norway
632,Gratia,Cottill,31,gcottillhj@cocolog-nifty.com,8245 Dennis Lane,Täby,Sweden
633,Isidore,McLaverty,42,imclavertyhk@imgur.com,22 Charing Cross Parkway,Ulricehamn,Sweden
634,Darn,Haslam,62,dhaslamhl@tinyurl.com,08009 Kim Road,Pukkila,Finland
635,Felicia,Devons,24,fdevonshm@tinypic.com,37394 Glacier Hill Trail,Karlskrona,Sweden
636,Mariska,Volett,78,mvoletthn@pinterest.com,44458 Jackson Place,Söderköping,Sweden
637,Hayden,Critoph,40,hcritophho@ask.com,3628 Cascade Road,Mosjøen,Norway
638,Ketty,Kensett,71,kkensetthp@behance.net,63383 Dunning Court,Uurainen,Finland
639,Bill,Gergler,78,bgerglerhq@wikia.com,75 Golf View Pass,Stockholm,Sweden
640,Hildagard,Huge,79,hhugehr@dailymotion.com,465 Knutson Road,Ludvika,Sweden
641,Saba,Kaas,62,skaashs@domainmarket.com,390 Golf View Center,Västra Frölunda,Sweden
642,Garey,Mushet,58,gmushetht@wufoo.com,133 Toban Street,Bennäs,Finland
643,Elnora,Blasik,52,eblasikhu@sakura.ne.jp,9862 Fulton Trail,Vellinge,Sweden
644,Selinda,Lehrmann,70,slehrmannhv@zimbio.com,34446 Amoth Point,Vinkkilä,Finland
645,Shauna,Stillmann,28,sstillmannhw@pcworld.com,56275 Onsgard Street,Larvik,Norway
646,Noelyn,Saltmarshe,51,nsaltmarshehx@vistaprint.com,3 Melvin Junction,København,Denmark
647,Dion,Klimus,55,dklimushy@yandex.ru,14 Harper Way,Stockholm,Sweden
648,Annice,Sackett,20,asacketthz@va.gov,260 Cody Parkway,Lysekil,Sweden
649,Tamiko,Ebbs,25,tebbsi0@upenn.edu,98 Graceland Park,Sollefteå,Sweden
650,Genni,Dominec,34,gdomineci1@hubpages.com,5 Jenifer Court,Oslo,Norway
651,Rani,Gully,53,rgullyi2@1und1.de,1658 Marquette Crossing,Porsgrunn,Norway
652,Jermaine,Kelly,60,jkellyi3@wikispaces.com,97497 Sunbrook Park,Savonlinna,Finland
653,Ketty,Maciaszek,80,kmaciaszeki4@wordpress.com,6457 Garrison Road,Oslo,Norway
654,Taryn,Petrecz,36,tpetreczi5@joomla.org,6 Dahle Pass,Mosjøen,Norway
655,Francklin,Strelitzki,20,fstrelitzkii6@yellowpages.com,65959 Mandrake Way,Gävle,Sweden
656,Judd,Asbrey,63,jasbreyi7@php.net,286 Esker Court,Angered,Sweden
657,Ki,Tesoe,79,ktesoei8@arizona.edu,4 Bunting Parkway,Bergen,Norway
658,Lombard,Jack,62,ljacki9@cam.ac.uk,1713 Granby Trail,Sandvika,Norway
659,Lexine,Calwell,70,lcalwellia@prweb.com,37 Farmco Terrace,Växjö,Sweden
660,Lyn,Andre,43,landreib@purevolume.com,54 High Crossing Court,Vårby,Sweden
661,Noble,Bilbrook,36,nbilbrookic@huffingtonpost.com,512 Dexter Park,Stockholm,Sweden
662,Valentia,Greenaway,62,vgreenawayid@google.co.jp,6 Quincy Park,Uppsala,Sweden
663,Ive,Pescott,72,ipescottie@vinaora.com,45 Sachtjen Park,Perho,Finland
664,Dorette,Searston,27,dsearstonif@ft.com,7642 Maple Point,Bergen,Norway
665,Karisa,McIlwain,51,kmcilwainig@g.co,50646 Fairfield Crossing,Lindesberg,Sweden
666,Nelie,Ruggles,63,nrugglesih@storify.com,7 Northport Court,Arendal,Norway
667,Maximilien,Junkin,77,mjunkinii@marriott.com,3175 Lake View Center,Bandhagen,Sweden
668,Marlo,Applegarth,41,mapplegarthij@omniture.com,86132 Magdeline Park,Stockholm,Sweden
669,Farand,Traviss,28,ftravissik@histats.com,7816 Hooker Plaza,Norberg,Sweden
670,Loise,Clavey,62,lclaveyil@discuz.net,3974 Grayhawk Junction,Borås,Sweden
671,Gorden,Cattemull,43,gcattemullim@photobucket.com,997 Sunnyside Pass,Växjö,Sweden
672,Obadias,Stenning,72,ostenningin@about.me,8 Commercial Parkway,Partille,Sweden
673,Elsbeth,Mountlow,20,emountlowio@google.com.br,51812 Nevada Pass,Varberg,Sweden
674,Meris,Schaben,26,mschabenip@netscape.com,82 Graedel Court,Norrtälje,Sweden
675,Thomasa,Moodey,60,tmoodeyiq@alibaba.com,5906 Myrtle Hill,Isojoki,Finland
676,Edith,Laven,27,elavenir@sakura.ne.jp,54988 Mallory Place,København,Denmark
677,Karine,Ferrige,65,kferrigeis@liveinternet.ru,1687 Lakewood Street,Horred,Sweden
678,Theressa,Kieran,40,tkieranit@loc.gov,47670 Doe Crossing Crossing,Stockholm,Sweden
679,Marion,Roby,38,mrobyiu@macromedia.com,81062 Caliangt Junction,Svalöv,Sweden
680,Regine,Lidbetter,28,rlidbetteriv@cdbaby.com,1 Nobel Way,Oxelösund,Sweden
681,Gae,Niset,47,gnisetiw@goo.ne.jp,587 Thierer Way,Strömsund,Sweden
682,Irv,Quartly,52,iquartlyix@alibaba.com,2 American Ash Street,Nagu,Finland
683,Far,Cyster,48,fcysteriy@ebay.com,00052 Eliot Crossing,København,Denmark
684,Nicolas,Boobier,39,nboobieriz@ft.com,6 Gateway Way,Norrköping,Sweden
685,Jedediah,Wilks,63,jwilksj0@webs.com,561 Darwin Plaza,Vindeln,Sweden
686,Brita,Raffin,77,braffinj1@msn.com,2659 Hanson Point,Ystad,Sweden
687,Katrina,Cudmore,39,kcudmorej2@cmu.edu,21298 Bartelt Park,Bromma,Sweden
688,Bernice,Cecchetelli,30,bcecchetellij3@dmoz.org,979 Eagle Crest Junction,Motala,Sweden
689,Lolita,Claw,71,lclawj4@pbs.org,74686 Maple Wood Junction,København,Denmark
690,Kaiser,Lowseley,58,klowseleyj5@bluehost.com,87 Stoughton Lane,Orimattila,Finland
691,Mala,Aizikovitch,73,maizikovitchj6@sogou.com,43122 Novick Parkway,Järfälla,Sweden
692,Lazare,Bootland,77,lbootlandj7@intel.com,66212 Northridge Trail,Rimbo,Sweden
693,Celestina,Pinnere,41,cpinnerej8@nymag.com,93 Portage Parkway,Löddeköpinge,Sweden
694,Vernon,Lampbrecht,40,vlampbrechtj9@stumbleupon.com,17710 Lake View Avenue,Kristinestad,Finland
695,Myrvyn,Vanelli,78,mvanellija@yolasite.com,71527 Burrows Avenue,Oslo,Norway
696,Delaney,Caddan,80,dcaddanjb@ovh.net,30959 Grim Court,Sundsvall,Sweden
697,Ali,Pimlott,67,apimlottjc@4shared.com,1170 Alpine Road,Sunne,Sweden
698,Yanaton,Ondrasek,80,yondrasekjd@sbwire.com,3 Laurel Pass,Luleå,Sweden
699,Olivette,Frankcom,63,ofrankcomje@mail.ru,60 Raven Circle,Rauma,Finland
700,Danette,Babber,40,dbabberjf@mediafire.com,64 Commercial Way,Halmstad,Sweden
701,Caleb,Brocking,53,cbrockingjg@histats.com,9993 Londonderry Street,Skärholmen,Sweden
702,Sanson,Challoner,20,schallonerjh@gravatar.com,58 Sunnyside Hill,København,Denmark
703,Laura,Du Fray,36,ldufrayji@feedburner.com,502 Steensland Circle,Bodø,Norway
704,Dixie,Antham,40,danthamjj@nature.com,8 Chive Park,Loimaan Kunta,Finland
705,Dido,Byway,37,dbywayjk@twitpic.com,3590 Marquette Road,Lappeenranta,Finland
706,Averill,Van Weedenburg,36,avanweedenburgjl@angelfire.com,1 Longview Circle,Göteborg,Sweden
707,Gaylor,Heaysman,43,gheaysmanjm@admin.ch,900 Spenser Crossing,Oslo,Norway
708,Molly,Marsay,67,mmarsayjn@github.com,2673 Cordelia Point,Västra Frölunda,Sweden
709,Zorana,Corinton,48,zcorintonjo@over-blog.com,7488 Helena Plaza,Hässleholm,Sweden
710,Fey,Brandreth,48,fbrandrethjp@samsung.com,202 Center Trail,Göteborg,Sweden
711,Eloisa,Presswell,30,epresswelljq@sina.com.cn,1 Brentwood Avenue,Norberg,Sweden
712,Eilis,Romagosa,27,eromagosajr@nyu.edu,6 Pond Park,Kinnula,Finland
713,Hugh,Jump,32,hjumpjs@dailymail.co.uk,57 Clyde Gallagher Center,Linköping,Sweden
714,Shari,Meaton,64,smeatonjt@phoca.cz,12934 Rieder Junction,Tanumshede,Sweden
715,Pansie,Kobus,72,pkobusju@liveinternet.ru,303 Chinook Plaza,Järna,Sweden
716,Rosa,Aberhart,75,raberhartjv@weather.com,253 Summer Ridge Court,Köyliö,Finland
717,Irwin,Kingswood,76,ikingswoodjw@vistaprint.com,09 Old Gate Road,Falun,Sweden
718,Bidget,Peery,80,bpeeryjx@wix.com,9487 Katie Plaza,Kristiansand S,Norway
719,Maxy,Screase,72,mscreasejy@multiply.com,364 Lighthouse Bay Drive,Borås,Sweden
720,Debbi,Minguet,58,dminguetjz@businessweek.com,6420 Mallory Circle,Molde,Norway
721,Bill,Hancox,77,bhancoxk0@usatoday.com,0754 Village Pass,Stockholm,Sweden
722,Aubine,Wray,80,awrayk1@bloomberg.com,1 Johnson Hill,Uppsala,Sweden
723,Di,Godlonton,25,dgodlontonk2@live.com,49 Golden Leaf Drive,Ronneby,Sweden
724,Noel,Foulgham,43,nfoulghamk3@wikispaces.com,75173 Tony Circle,Stockholm,Sweden
725,Carma,Lillicrop,37,clillicropk4@youtu.be,19 Hazelcrest Way,Varkaus,Finland
726,Lainey,Prier,58,lprierk5@a8.net,19 Spenser Place,Karlskrona,Sweden
727,Coretta,Dearle,37,cdearlek6@mtv.com,1 Starling Crossing,Stockholm,Sweden
728,Ranna,Bowich,38,rbowichk7@mit.edu,4600 Di Loreto Road,Isojoki,Finland
729,Carmela,Nansom,31,cnansomk8@geocities.jp,4508 Hooker Court,Ålesund,Norway
730,Milo,Fergyson,69,mfergysonk9@macromedia.com,015 Park Meadow Alley,Linköping,Sweden
731,Ezequiel,Roseby,69,erosebyka@mysql.com,354 Ohio Center,Strängnäs,Sweden
732,Mallory,Geldard,32,mgeldardkb@clickbank.net,194 Colorado Circle,Göteborg,Sweden
733,Pincus,Risborough,58,prisboroughkc@ft.com,567 Loomis Alley,Stockholm,Sweden
734,Ginni,Jirus,37,gjiruskd@mlb.com,31 Shopko Avenue,Notodden,Norway
735,Hermie,Lowell,30,hlowellke@360.cn,6 Kenwood Circle,Katrineholm,Sweden
736,Crysta,Kaplin,38,ckaplinkf@ca.gov,839 Merrick Circle,Horten,Norway
737,Cyndie,Alsop,20,calsopkg@yolasite.com,06438 Sunnyside Avenue,Västanfjärd,Finland
738,Rayna,Clixby,20,rclixbykh@imgur.com,729 Oak Hill,Jokkmokk,Sweden
739,Hadria,Keighly,63,hkeighlyki@pen.io,48520 Pine View Court,Boden,Sweden
740,Creighton,De Beauchamp,30,cdebeauchampkj@loc.gov,7 Burning Wood Parkway,Pyhäranta,Finland
741,Talyah,Van de Velde,46,tvandeveldekk@sfgate.com,4244 La Follette Circle,Drammen,Norway
742,Alison,Hynard,22,ahynardkl@google.com,30594 Spenser Junction,Pyhäselkä,Finland
743,Francoise,Blaydon,38,fblaydonkm@symantec.com,2 Algoma Junction,Sundsvall,Sweden
744,Quentin,Ridewood,37,qridewoodkn@ca.gov,06265 American Avenue,Kil,Sweden
745,Toby,Loidl,48,tloidlko@youtube.com,39873 Monument Drive,Skellefteå,Sweden
746,Sherman,Kennett,41,skennettkp@nationalgeographic.com,68557 Granby Center,Huddinge,Sweden
747,Tobey,Fakes,79,tfakeskq@unblog.fr,01945 Reindahl Plaza,Strömstad,Sweden
748,Denna,Allan,57,dallankr@home.pl,2 Golden Leaf Circle,Strängnäs,Sweden
749,Dionne,Skingley,38,dskingleyks@surveymonkey.com,46710 Mandrake Trail,Stockholm,Sweden
750,Alanah,Faraker,48,afarakerkt@networkadvertising.org,9929 Muir Drive,Smedjebacken,Sweden
751,Lilian,MacCumeskey,38,lmaccumeskeyku@go.com,6571 Russell Avenue,Stockholm,Sweden
752,Yvette,Lau,59,ylaukv@irs.gov,687 Debra Park,Alvesta,Sweden
753,Anson,Arnall,36,aarnallkw@cafepress.com,42983 Melvin Alley,Vällingby,Sweden
754,Richart,Woodyer,30,rwoodyerkx@quantcast.com,9 Glendale Center,Åhus,Sweden
755,Chrisy,Jelf,73,cjelfky@weibo.com,96 Gerald Parkway,Stockholm,Sweden
756,Ivory,Peckitt,69,ipeckittkz@360.cn,15 Hoffman Crossing,Färjestaden,Sweden
757,Del,Castles,36,dcastlesl0@seattletimes.com,3 Kropf Center,Södra Sandby,Sweden
758,Stacey,Bandey,33,sbandeyl1@pen.io,59225 Artisan Way,Motala,Sweden
759,Thalia,Spellward,40,tspellwardl2@google.it,1 Memorial Junction,Ålesund,Norway
760,Harley,Seignior,76,hseigniorl3@cam.ac.uk,27 Hooker Drive,Hässelby,Sweden
761,Whit,Gowthorpe,70,wgowthorpel4@unc.edu,08854 Bluestem Avenue,Götene,Sweden
762,Shana,Pragnall,64,spragnalll5@sfgate.com,8 Melby Point,Vingåker,Sweden
763,Caresse,Henrichs,23,chenrichsl6@studiopress.com,7 Bashford Road,København,Denmark
764,Barnabas,Paynton,46,bpayntonl7@umich.edu,7785 Meadow Ridge Drive,Södertälje,Sweden
765,Alysa,McLoney,60,amcloneyl8@walmart.com,20 Laurel Pass,Haparanda,Sweden
766,May,Seedull,66,mseedulll9@whitehouse.gov,1 Fieldstone Plaza,Jönköping,Sweden
767,Guillermo,Perin,28,gperinla@guardian.co.uk,19 Michigan Drive,Västerås,Sweden
768,Ingemar,Ireland,55,iirelandlb@tinypic.com,3281 North Alley,Hägersten,Sweden
769,Fay,Salmons,45,fsalmonslc@about.com,84342 Butternut Crossing,Klippan,Sweden
770,Dennison,Fogel,47,dfogelld@flickr.com,094 Almo Park,Nässjö,Sweden
771,Fletch,Gabbett,42,fgabbettle@oaic.gov.au,4165 Londonderry Parkway,Boden,Sweden
772,Hobie,Strange,66,hstrangelf@github.io,77 Dottie Drive,Gränna,Sweden
773,Max,Manford,73,mmanfordlg@homestead.com,90886 Artisan Way,Oslo,Norway
774,Carolann,Lammenga,42,clammengalh@addthis.com,3 Fairview Junction,København,Denmark
775,Zola,Frankham,40,zfrankhamli@ask.com,7 Crescent Oaks Pass,Valkeakoski,Finland
776,Gaby,McGruar,49,gmcgruarlj@addthis.com,0 Harper Park,Bromma,Sweden
777,Kennith,Treadwell,21,ktreadwelllk@ed.gov,13 Stuart Parkway,Umeå,Sweden
778,Olympie,Lyburn,66,olyburnll@cafepress.com,010 Dexter Center,Stockholm,Sweden
779,Cornelius,Dummett,49,cdummettlm@unc.edu,7 Golf Lane,Kauhava,Finland
780,Clayson,Richardet,69,crichardetln@nasa.gov,1 Holmberg Junction,Göteborg,Sweden
781,Debora,Naden,70,dnadenlo@webeden.co.uk,2 Butternut Plaza,Svenljunga,Sweden
782,Duffy,Langelaan,29,dlangelaanlp@naver.com,443 Comanche Center,Brämhult,Sweden
783,Drusie,McGing,26,dmcginglq@answers.com,1 Meadow Valley Pass,Vänersborg,Sweden
784,Lark,Blumsom,20,lblumsomlr@reuters.com,01375 Eastwood Junction,Torslanda,Sweden
785,Thornie,Lever,55,tleverls@dot.gov,70373 Service Way,Karlshamn,Sweden
786,Nannie,Rodman,59,nrodmanlt@msu.edu,45634 Canary Alley,Vällingby,Sweden
787,Buddy,Oram,40,boramlu@europa.eu,167 Riverside Lane,Boliden,Sweden
788,Marrilee,McMeeking,40,mmcmeekinglv@scientificamerican.com,08 Lawn Terrace,Simo,Finland
789,Saunderson,Kilshaw,36,skilshawlw@fda.gov,98845 Anthes Avenue,Oslo,Norway
790,Audi,Dunbar,48,adunbarlx@fda.gov,0128 Rowland Way,Söderhamn,Sweden
791,Lyssa,Clementucci,44,lclementuccily@blogs.com,3365 Atwood Pass,Hallstahammar,Sweden
792,Carine,McDonogh,60,cmcdonoghlz@slate.com,6 Sauthoff Place,Solna,Sweden
793,Clarisse,Withers,34,cwithersm0@lulu.com,3474 Kinsman Alley,Alavieska,Finland
794,Cristen,Kolinsky,57,ckolinskym1@homestead.com,0 Gina Terrace,Turku,Finland
795,Conni,Murdie,53,cmurdiem2@icq.com,51 Grim Lane,Kiruna,Sweden
796,Rhodia,Manifold,67,rmanifoldm3@pinterest.com,112 Butternut Junction,Vellinge,Sweden
797,Willis,Siemianowicz,75,wsiemianowiczm4@cornell.edu,056 Lindbergh Junction,Umeå,Sweden
798,Erroll,McChruiter,60,emcchruiterm5@google.ca,75 Fisk Junction,Uurainen,Finland
799,Britni,Caldera,21,bcalderam6@bloomberg.com,71 Montana Court,Huddinge,Sweden
800,Betty,Shelmerdine,51,bshelmerdinem7@joomla.org,1 Farwell Pass,Savonlinna,Finland
801,Avery,Segot,71,asegotm8@dyndns.org,34 Talisman Junction,Asikkala,Finland
802,Sayre,Pepperd,42,spepperdm9@cpanel.net,629 Debs Street,Hisings Kärra,Sweden
803,Wendell,Huikerby,78,whuikerbyma@ameblo.jp,4 Spenser Alley,Lidingö,Sweden
804,Rachel,Downer,39,rdownermb@baidu.com,5 Northland Drive,Järna,Sweden
805,Melesa,Ambage,31,mambagemc@hostgator.com,13756 Amoth Trail,Uppsala,Sweden
806,Hamnet,Lording,50,hlordingmd@foxnews.com,062 Randy Way,Sumiainen,Finland
807,Ericha,Josefsen,80,ejosefsenme@usatoday.com,0797 Del Sol Junction,Forshaga,Sweden
808,Leigha,Tuddall,66,ltuddallmf@nifty.com,79093 Monica Park,Oslo,Norway
809,Devan,MacFadyen,70,dmacfadyenmg@discovery.com,62884 Vera Court,Säter,Sweden
810,Roley,O' Donohoe,31,rodonohoemh@psu.edu,7683 Vahlen Place,Ljungbyholm,Sweden
811,Freemon,Le Fevre,54,flefevremi@dailymail.co.uk,1 4th Drive,Stockholm,Sweden
812,Olympe,Cosker,79,ocoskermj@homestead.com,89 Mendota Place,Söderhamn,Sweden
813,Rianon,Coulson,43,rcoulsonmk@examiner.com,557 Dixon Park,Nurmo,Finland
814,Nevsa,McCurtain,74,nmccurtainml@bbb.org,6716 Waxwing Trail,Storuman,Sweden
815,Olvan,Iban,40,oibanmm@lycos.com,020 Brentwood Crossing,Nyköping,Sweden
816,Cicily,Joskovitch,30,cjoskovitchmn@timesonline.co.uk,235 Hintze Junction,Juuka,Finland
817,Corbin,Hedgeman,79,chedgemanmo@nbcnews.com,147 West Pass,Huskvarna,Sweden
818,Lem,Greatrex,71,lgreatrexmp@google.com.hk,625 Starling Crossing,Uppsala,Sweden
819,Graeme,Serman,51,gsermanmq@ameblo.jp,8 Michigan Plaza,Mölndal,Sweden
820,Wilona,Dowsett,76,wdowsettmr@google.es,4320 Raven Pass,Karlskoga,Sweden
821,Fielding,Saladino,60,fsaladinoms@seattletimes.com,339 Cordelia Avenue,Johanneshov,Sweden
822,Lynn,Jaszczak,79,ljaszczakmt@jiathis.com,99 Derek Court,Lavia,Finland
823,Jammal,Giacomuzzo,36,jgiacomuzzomu@mit.edu,96224 Farwell Alley,Urjala,Finland
824,Lindsey,Peeters,49,lpeetersmv@imdb.com,740 Doe Crossing Point,Lysekil,Sweden
825,Carlyn,Gunton,79,cguntonmw@yellowpages.com,83 Bonner Street,Borås,Sweden
826,Cher,Dunbar,53,cdunbarmx@1und1.de,16145 Esch Pass,Olofström,Sweden
827,Sephira,Hambly,61,shamblymy@wufoo.com,58 Mallory Plaza,Hämeenkoski,Finland
828,Robinson,Churly,39,rchurlymz@nymag.com,7 Briar Crest Hill,Karlskrona,Sweden
829,Ewart,Abba,78,eabban0@mysql.com,45 Northfield Crossing,Renko,Finland
830,Yettie,Eccleshare,78,yecclesharen1@desdev.cn,154 Lake View Pass,Stockholm,Sweden
831,Inesita,Mavin,78,imavinn2@jimdo.com,94 Everett Pass,Knivsta,Sweden
832,Flory,Mycock,54,fmycockn3@e-recht24.de,99 Dovetail Center,Horten,Norway
833,Tucky,Gilby,71,tgilbyn4@mozilla.org,5 Pearson Road,Södertälje,Sweden
834,Morgan,Le Guin,69,mleguinn5@people.com.cn,437 Judy Way,Stockholm,Sweden
835,Wade,Batters,60,wbattersn6@apache.org,31 Service Way,Bergen,Norway
836,Care,Shoard,52,cshoardn7@gravatar.com,71115 Bowman Place,Uppsala,Sweden
837,Krystle,Klouz,55,kklouzn8@google.nl,45 Monica Terrace,Parikkala,Finland
838,Jobie,Pratchett,36,jpratchettn9@hao123.com,33803 Transport Hill,Karlstad,Sweden
839,Quintus,Blunderfield,41,qblunderfieldna@dropbox.com,60 Washington Hill,København,Denmark
840,Consuelo,Bartholat,46,cbartholatnb@house.gov,8 Sugar Point,Längelmäki,Finland
841,Winny,Cheeney,31,wcheeneync@istockphoto.com,3008 Merry Point,Uddevalla,Sweden
842,Delcine,Macilhench,49,dmacilhenchnd@census.gov,1 Hermina Road,Karlstad,Sweden
843,Dave,Banham,35,dbanhamne@clickbank.net,745 Blackbird Point,Mjölby,Sweden
844,Stuart,Lankham,57,slankhamnf@cisco.com,0223 Mcguire Alley,Norrköping,Sweden
845,Carlene,Ernke,43,cernkeng@mapquest.com,7038 Bonner Street,Vaxholm,Sweden
846,Orel,Gallamore,71,ogallamorenh@virginia.edu,94 Golf Course Plaza,Mariestad,Sweden
847,Brennan,Hughs,28,bhughsni@guardian.co.uk,69 Orin Circle,Tierp,Sweden
848,Walden,Boyes,71,wboyesnj@accuweather.com,2 Fordem Place,Västerås,Sweden
849,Terry,Hoogendorp,76,thoogendorpnk@drupal.org,586 Hauk Way,Muurame,Finland
850,Si,Wigley,32,swigleynl@mit.edu,3676 Pennsylvania Point,Oslo,Norway
851,Ardeen,Garforth,66,agarforthnm@apple.com,19629 Hauk Parkway,Saltsjöbaden,Sweden
852,Amie,Paffett,60,apaffettnn@digg.com,919 Browning Lane,Hässleholm,Sweden
853,Sapphira,Purves,67,spurvesno@skyrock.com,001 Center Plaza,Kronoby,Finland
854,Tracy,MacKettrick,35,tmackettricknp@amazon.com,3531 Hagan Road,Trollhättan,Sweden
855,Kearney,Edwardes,54,kedwardesnq@independent.co.uk,8279 Monica Court,Kristiansand S,Norway
856,Averell,Gillopp,29,agilloppnr@bloomberg.com,3861 Stone Corner Park,Klippan,Sweden
857,Yovonnda,Laxston,76,ylaxstonns@comcast.net,42459 Daystar Court,Kemijärvi,Finland
858,Rodi,Clohisey,28,rclohiseynt@exblog.jp,41604 Nelson Court,Angered,Sweden
859,Reuven,Guillford,77,rguillfordnu@godaddy.com,016 8th Center,Landskrona,Sweden
860,Ebeneser,O'Nions,70,eonionsnv@nyu.edu,264 Blue Bill Park Center,Borås,Sweden
861,Cordie,Stobbart,34,cstobbartnw@uol.com.br,5 6th Road,Stockholm,Sweden
862,Christa,Salt,58,csaltnx@pinterest.com,9498 Monument Plaza,Västra Frölunda,Sweden
863,Crichton,Gregon,66,cgregonny@meetup.com,6337 Tomscot Park,Helsingborg,Sweden
864,Yettie,Desorts,22,ydesortsnz@pinterest.com,8 Schiller Court,Norrtälje,Sweden
865,Sybille,Awton,80,sawtono0@independent.co.uk,48 Fulton Point,Solna,Sweden
866,Minetta,Turfes,32,mturfeso1@google.es,28 Maple Wood Street,Åtvidaberg,Sweden
867,Budd,Cosh,60,bcosho2@ameblo.jp,439 Gina Point,Kävlinge,Sweden
868,Ricard,Withrington,40,rwithringtono3@globo.com,82 Forest Crossing,Trollhättan,Sweden
869,Terrye,McMychem,74,tmcmychemo4@google.ca,94885 Cordelia Avenue,Ludvika,Sweden
870,Corilla,MacAlees,60,cmacaleeso5@unc.edu,28 Hooker Road,Hausjärvi,Finland
871,Hallsy,Leuty,33,hleutyo6@unicef.org,001 Warbler Junction,Finspång,Sweden
872,Madelin,Muck,37,mmucko7@umich.edu,36975 Bartillon Way,Sölvesborg,Sweden
873,Serene,Finker,37,sfinkero8@themeforest.net,73159 Sloan Plaza,Steinkjer,Norway
874,Verne,McFadden,71,vmcfaddeno9@sitemeter.com,7352 Dayton Circle,Ulset,Norway
875,Nevil,Farmiloe,56,nfarmiloeoa@drupal.org,8099 Blue Bill Park Junction,København,Denmark
876,Burke,Tideswell,56,btideswellob@chicagotribune.com,31574 Duke Place,Säffle,Sweden
877,Elvira,Budcock,57,ebudcockoc@photobucket.com,8 Becker Alley,Inari,Finland
878,Charlie,Summerill,63,csummerillod@gizmodo.com,78460 Scoville Junction,Umeå,Sweden
879,Donny,Barribal,45,dbarribaloe@taobao.com,8560 Sauthoff Lane,Sundbyberg,Sweden
880,Alejandra,Smallcomb,42,asmallcombof@chicagotribune.com,81522 Rutledge Way,Åmål,Sweden
881,Kitti,Caulfield,55,kcaulfieldog@edublogs.org,93 Miller Road,Oslo,Norway
882,Paulie,Handaside,67,phandasideoh@squidoo.com,31 Badeau Avenue,Örebro,Sweden
883,Thia,Stentiford,45,tstentifordoi@bloglines.com,08 Dunning Street,Norrköping,Sweden
884,Bella,Bartolomivis,74,bbartolomivisoj@epa.gov,992 Mccormick Park,Nacka,Sweden
885,Hollyanne,Sanper,79,hsanperok@yale.edu,89 Fallview Avenue,Oslo,Norway
886,Jamesy,Causon,36,jcausonol@dagondesign.com,6 Nancy Parkway,Vingåker,Sweden
887,Tabor,Kleinplac,52,tkleinplacom@bluehost.com,0 Green Ridge Parkway,Brämhult,Sweden
888,Zane,Bessey,54,zbesseyon@behance.net,7718 Mosinee Hill,Flen,Sweden
889,Parrnell,Cornejo,78,pcornejooo@cpanel.net,3 Warner Point,Johanneshov,Sweden
890,Onfroi,Pryke,45,oprykeop@oaic.gov.au,5097 Briar Crest Center,Vallentuna,Sweden
891,Read,McClay,72,rmcclayoq@examiner.com,6 Lake View Trail,Kouvola,Finland
892,Reinwald,Hutchens,71,rhutchensor@rakuten.co.jp,05479 Glacier Hill Crossing,Tibro,Sweden
893,Lenore,Byforth,58,lbyforthos@live.com,16 Clemons Place,København,Denmark
894,Sarine,Rubinsaft,56,srubinsaftot@livejournal.com,4715 Burrows Point,Kortesjärvi,Finland
895,Amandie,Witcherley,55,awitcherleyou@list-manage.com,003 Florence Alley,Muhos,Finland
896,Martina,Elcy,21,melcyov@dropbox.com,616 Bowman Terrace,Åtvidaberg,Sweden
897,Jerry,Thew,34,jthewow@issuu.com,22518 Springs Street,Borlänge,Sweden
898,Melody,Pawels,62,mpawelsox@vistaprint.com,4 Crescent Oaks Plaza,Gävle,Sweden
899,Laurens,Muff,41,lmuffoy@blog.com,547 Sloan Crossing,Stavanger,Norway
900,Matthaeus,Dixie,75,mdixieoz@microsoft.com,51851 Sullivan Way,Oslo,Norway
901,Moyra,Jagiela,36,mjagielap0@biglobe.ne.jp,4 Swallow Alley,Östhammar,Sweden
902,Corri,Vasilmanov,61,cvasilmanovp1@meetup.com,5 Hudson Court,Årsta,Sweden
903,Theresina,Fehners,72,tfehnersp2@cafepress.com,5992 Westport Circle,Hultsfred,Sweden
904,Daffi,Backson,48,dbacksonp3@youtube.com,19001 Warbler Alley,Jokkmokk,Sweden
905,Wit,Forrest,30,wforrestp4@istockphoto.com,7084 Hagan Court,Örebro,Sweden
906,Marie-ann,Iron,29,mironp5@mediafire.com,73284 Merry Circle,Kristinehamn,Sweden
907,Farlee,Witherington,43,fwitheringtonp6@earthlink.net,6 Everett Avenue,Taavetti,Finland
908,Burtie,Silbermann,35,bsilbermannp7@amazon.co.uk,06651 Towne Pass,Oslo,Norway
909,Dan,Scrivin,28,dscrivinp8@google.ca,615 Fisk Plaza,Lilla Edet,Sweden
910,Marve,Heatley,40,mheatleyp9@patch.com,6 Starling Court,Nacka,Sweden
911,Davon,Blucher,36,dblucherpa@irs.gov,201 Leroy Plaza,Stockholm,Sweden
912,Sybila,Ogilvy,43,sogilvypb@google.fr,03 Summit Drive,Punkaharju,Finland
913,Kandace,Raistrick,20,kraistrickpc@hatena.ne.jp,42 Lotheville Place,Laholm,Sweden
914,Marnie,Sictornes,79,msictornespd@webmd.com,4 Dapin Parkway,Göteborg,Sweden
915,Gasparo,Spilsbury,49,gspilsburype@a8.net,798 Jenifer Parkway,Knivsta,Sweden
916,Jeremias,Bener,49,jbenerpf@unblog.fr,7285 Kingsford Avenue,Västerås,Sweden
917,Darleen,Sive,35,dsivepg@slideshare.net,88163 Atwood Center,Åmål,Sweden
918,Cissiee,Lotwich,78,clotwichph@chron.com,484 Hazelcrest Lane,Västerås,Sweden
919,Arlan,Aven,61,aavenpi@domainmarket.com,5838 Holy Cross Plaza,Utsjoki,Finland
920,Lorraine,Oglevie,59,logleviepj@1688.com,336 Cottonwood Alley,Sandviken,Sweden
921,Melisande,Bird,64,mbirdpk@state.gov,2354 Browning Alley,Örebro,Sweden
922,Meris,Summerson,65,msummersonpl@myspace.com,91 Kenwood Junction,Tomelilla,Sweden
923,Lamar,Seven,67,lsevenpm@microsoft.com,1541 Kipling Alley,Västanfjärd,Finland
924,Ivan,Blaker,53,iblakerpn@paginegialle.it,8 Glendale Circle,Kåge,Sweden
925,Arvy,Dionisetti,23,adionisettipo@wufoo.com,1256 Sloan Parkway,Jäppilä,Finland
926,Orv,Schneidau,26,oschneidaupp@buzzfeed.com,532 3rd Lane,Täby,Sweden
927,Melloney,Rossborough,53,mrossboroughpq@weibo.com,3193 Oneill Drive,Filipstad,Sweden
928,Clio,Rumsey,23,crumseypr@tripod.com,934 East Pass,Stockholm,Sweden
929,Hedvig,Pile,34,hpileps@photobucket.com,1 Macpherson Pass,Helsingborg,Sweden
930,Kent,Dumphy,44,kdumphypt@flavors.me,9 Forest Run Crossing,Boden,Sweden
931,Roxie,Ferebee,31,rferebeepu@tamu.edu,7 Aberg Drive,Stockholm,Sweden
932,Crissy,Icke,67,cickepv@ycombinator.com,6 Ryan Center,Boden,Sweden
933,Ania,Dehm,55,adehmpw@vimeo.com,8 Lighthouse Bay Trail,Skinnskatteberg,Sweden
934,Giustina,Jouhning,24,gjouhningpx@etsy.com,7105 Holmberg Pass,Harjavalta,Finland
935,Dionisio,Bielfelt,62,dbielfeltpy@deliciousdays.com,76009 Montana Drive,Kristiansand S,Norway
936,Antonia,Cathenod,67,acathenodpz@desdev.cn,229 Stuart Place,Vallentuna,Sweden
937,Elnar,Hyder,77,ehyderq0@soundcloud.com,7 Schmedeman Place,Kalmar,Sweden
938,Austine,Rosle,27,arosleq1@prweb.com,11422 Bobwhite Alley,Västra Frölunda,Sweden
939,Jeanne,Klessmann,20,jklessmannq2@reverbnation.com,798 Clemons Hill,Storvik,Sweden
940,Quinlan,Poizer,24,qpoizerq3@latimes.com,713 Sunfield Crossing,Rättvik,Sweden
941,Butch,Dury,76,bduryq4@123-reg.co.uk,02254 Ridgeway Lane,Örebro,Sweden
942,Binny,Izhak,37,bizhakq5@home.pl,0 Northridge Crossing,Norrtälje,Sweden
943,Gelya,Becken,60,gbeckenq6@weather.com,2 Claremont Terrace,Åmål,Sweden
944,Barclay,Soaper,60,bsoaperq7@oracle.com,11239 Memorial Circle,Sölvesborg,Sweden
945,Almire,Furmedge,62,afurmedgeq8@php.net,38930 Namekagon Trail,Jönköping,Sweden
946,Lena,Toward,69,ltowardq9@seattletimes.com,82 Armistice Crossing,Tranås,Sweden
947,Leila,Gilpillan,45,lgilpillanqa@nba.com,76080 Anniversary Junction,Edsbyn,Sweden
948,Minetta,Rennicks,22,mrennicksqb@miibeian.gov.cn,1272 Helena Point,Gamleby,Sweden
949,Hedda,Kissick,24,hkissickqc@bluehost.com,640 Johnson Plaza,Frederiksberg,Denmark
950,Marna,Hobbema,31,mhobbemaqd@comcast.net,96 Clove Road,Kristinehamn,Sweden
951,Kit,Broadis,76,kbroadisqe@exblog.jp,241 Sunfield Avenue,Västanfjärd,Finland
952,Bondon,Elsbury,27,belsburyqf@gmpg.org,734 Forster Center,Frederiksberg,Denmark
953,Alfi,Brimilcombe,70,abrimilcombeqg@stanford.edu,544 Melby Plaza,Norrköping,Sweden
954,Ximenes,Burgiss,38,xburgissqh@phoca.cz,6 Maryland Court,Borlänge,Sweden
955,Ina,Bawden,27,ibawdenqi@noaa.gov,1224 Kipling Hill,Stockholm,Sweden
956,Jamie,Vauls,55,jvaulsqj@illinois.edu,10 Larry Plaza,Stockholm,Sweden
957,Morie,Burhill,51,mburhillqk@stumbleupon.com,8 Gale Circle,Simo,Finland
958,Lilyan,Fraser,32,lfraserql@netscape.com,7 Ramsey Avenue,Kristinehamn,Sweden
959,Eldredge,Mont,56,emontqm@typepad.com,2 Carioca Alley,Luhanka,Finland
960,Itch,Chelam,22,ichelamqn@etsy.com,81 South Alley,Linköping,Sweden
961,Vanya,Threlfall,68,vthrelfallqo@globo.com,53120 Straubel Plaza,Porsgrunn,Norway
962,Sindee,Lewson,54,slewsonqp@usa.gov,14607 Main Way,Kiruna,Sweden
963,Cullen,Whiteman,37,cwhitemanqq@360.cn,85741 Kingsford Park,Alvesta,Sweden
964,Drucie,Artist,33,dartistqr@cafepress.com,8960 Milwaukee Terrace,Örbyhus,Sweden
965,Gawain,Jozwicki,75,gjozwickiqs@yellowbook.com,009 Logan Drive,Sundsvall,Sweden
966,Ase,Thake,31,athakeqt@live.com,862 Delladonna Lane,Strängnäs,Sweden
967,Roderick,Ellesworthe,31,rellesworthequ@theglobeandmail.com,8 Maple Center,Helsingborg,Sweden
968,Georgena,Sowerbutts,56,gsowerbuttsqv@privacy.gov.au,79162 Oak Valley Alley,Oslo,Norway
969,Vassili,Dobbings,35,vdobbingsqw@icq.com,4 Barby Lane,Lumijoki,Finland
970,Meredith,Neeves,33,mneevesqx@dedecms.com,50 Division Drive,Kiihtelysvaara,Finland
971,Junina,Schrieves,66,jschrievesqy@histats.com,8703 Arrowood Park,Borås,Sweden
972,Jose,Gumn,73,jgumnqz@addtoany.com,79333 Linden Drive,Falköping,Sweden
973,Bruno,Ambrosi,69,bambrosir0@google.ru,3 Pepper Wood Way,Trollhättan,Sweden
974,Danni,Ivanilov,33,divanilovr1@indiegogo.com,48892 Di Loreto Crossing,Göteborg,Sweden
975,Tadio,Buckleigh,76,tbuckleighr2@cdc.gov,3 High Crossing Terrace,Kungshamn,Sweden
976,Jeanna,Fazzioli,35,jfazziolir3@mashable.com,0 Crownhardt Pass,Oslo,Norway
977,Tybie,Cridge,35,tcridger4@eventbrite.com,70 Mandrake Lane,Haukivuori,Finland
978,Zita,Bankhurst,69,zbankhurstr5@dagondesign.com,9 Grover Trail,Virolahti,Finland
979,Nico,Eltun,66,neltunr6@ft.com,8 Springview Junction,Ruokolahti,Finland
980,Shawn,Cubbini,56,scubbinir7@mlb.com,18692 Spohn Plaza,Kumla,Sweden
981,Omar,Abelov,21,oabelovr8@psu.edu,22701 Pepper Wood Junction,Orimattila,Finland
982,Bruce,Lemmanbie,38,blemmanbier9@bloglovin.com,40447 Bay Plaza,Filipstad,Sweden
983,Dew,Mettericke,65,dmetterickera@home.pl,70602 Prairieview Crossing,Mariefred,Sweden
984,Bronny,Greir,51,bgreirrb@odnoklassniki.ru,3 Sheridan Alley,Göteborg,Sweden
985,Larina,Bubeer,72,lbubeerrc@imageshack.us,508 Alpine Point,Ed,Sweden
986,Abby,Cogzell,60,acogzellrd@purevolume.com,1 Del Sol Point,Oslo,Norway
987,Alic,Lundberg,43,alundbergre@wikispaces.com,90 Di Loreto Pass,Sundsvall,Sweden
988,Gabriele,Phelps,32,gphelpsrf@chronoengine.com,02 Becker Drive,Köyliö,Finland
989,Dana,Gregine,72,dgreginerg@jugem.jp,14 Atwood Alley,Kungsbacka,Sweden
990,Abram,Simenot,35,asimenotrh@dmoz.org,2 Almo Junction,Oslo,Norway
991,Bernie,Gaffon,30,bgaffonri@adobe.com,09 Ronald Regan Place,Malax,Finland
992,Lincoln,Barrowcliffe,37,lbarrowclifferj@mapquest.com,55 Comanche Drive,Vällingby,Sweden
993,Thorstein,Joost,77,tjoostrk@cpanel.net,0 5th Pass,Mölnlycke,Sweden
994,Murray,Dunridge,40,mdunridgerl@theatlantic.com,17560 Kenwood Point,Finspång,Sweden
995,Laurette,Jouandet,59,ljouandetrm@about.me,17 Miller Park,Kurikka,Finland
996,Sanderson,Brigstock,36,sbrigstockrn@apache.org,60 Duke Avenue,Stockholm,Sweden
997,Guillermo,Karlqvist,42,gkarlqvistro@chron.com,7 Montana Hill,Luleå,Sweden
998,Spence,Haddington,73,shaddingtonrp@zdnet.com,324 8th Point,Kolmården,Sweden
999,Hartley,Spry,21,hspryrq@fotki.com,34691 Schlimgen Lane,Utajärvi,Finland
1000,Minda,Dyball,55,mdyballrr@foxnews.com,876 Melby Court,Perho,Finland
